word,allcount,I,II,III,IV,V,VI,VII,VIII,IX,X,XI,XII,XIII,,全ての章で使っているか
出現単語数,1996,290,285,284,228,299,399,377,206,484,349,633,176,227,,24
総単語数,10491,603,581,661,464,644,1057,865,410,1185,957,1811,521,718,,
the,696,35,38,61,37,38,74,62,25,71,60,99,40,56,,TRUE
of,358,19,26,20,25,30,22,39,19,30,20,56,15,37,,TRUE
to,352,20,16,29,19,20,41,26,14,40,31,54,20,22,,TRUE
and,289,19,18,13,9,18,26,32,7,33,30,53,8,23,,TRUE
is,263,17,11,20,19,14,20,23,3,30,29,42,19,16,,TRUE
a,207,8,12,10,12,21,9,17,5,29,21,40,11,12,,TRUE
in,197,11,11,15,9,12,23,16,12,27,15,27,9,10,,TRUE
be,182,12,17,6,0,11,27,14,13,17,13,25,8,19,,FALSE
enemy,126,2,6,12,7,4,22,11,1,17,15,16,4,9,,TRUE
will,121,5,12,14,0,5,18,10,4,12,12,23,0,6,,FALSE
are,108,9,3,5,0,5,10,6,4,21,19,15,5,6,,FALSE
it,101,5,4,7,6,8,4,10,0,16,5,22,5,9,,TRUE
not,99,4,3,7,3,5,9,8,13,10,13,15,9,0,,FALSE
if,96,5,3,12,1,2,14,4,2,19,17,10,6,1,,TRUE
his,95,3,2,7,3,4,19,5,9,7,7,20,6,3,,FALSE
you,93,1,4,6,1,1,14,12,2,13,17,18,4,0,,FALSE
on,87,4,6,0,3,6,3,6,6,11,2,34,0,6,,FALSE
your,81,2,7,1,0,4,6,12,1,10,12,21,4,1,,FALSE
that,80,5,4,3,3,3,8,6,2,18,8,12,3,5,,TRUE
he,80,7,0,9,3,4,19,3,2,7,5,20,0,1,,FALSE
when,77,6,4,3,1,2,0,7,2,16,9,21,5,1,,FALSE
by,72,6,2,9,2,5,5,4,2,7,4,18,3,5,,TRUE
army,72,4,5,12,1,2,3,14,2,8,3,12,2,4,,TRUE
with,69,3,6,3,1,4,3,6,3,10,7,12,7,4,,TRUE
ground,68,1,0,0,0,1,2,0,0,4,8,52,0,0,,FALSE
for,68,2,3,2,6,3,9,4,2,11,5,7,7,7,,TRUE
we,66,7,1,4,2,0,15,7,4,6,8,9,1,2,,FALSE
an,63,0,4,4,3,3,3,14,2,5,3,8,11,3,,FALSE
which,51,8,0,2,1,3,6,1,11,4,4,9,0,2,,FALSE
from,51,1,5,2,1,2,9,4,2,5,6,6,3,5,,TRUE
can,50,3,1,5,0,4,17,1,1,2,4,5,2,5,,FALSE
may,45,2,2,2,1,7,8,4,4,2,4,5,3,1,,TRUE
but,45,1,1,2,3,3,4,1,2,5,12,6,5,0,,FALSE
men,44,1,3,2,0,5,1,4,2,6,4,11,0,5,,FALSE
who,42,5,2,4,4,2,1,2,3,2,5,3,3,6,,TRUE
must,40,5,3,1,0,0,4,2,7,3,6,4,2,3,,FALSE
them,39,4,1,2,0,1,3,0,5,5,7,6,0,5,,FALSE
attack,38,2,0,3,1,2,6,1,0,4,7,3,9,0,,FALSE
they,37,1,1,0,0,3,0,0,0,7,3,19,0,3,,FALSE
general,37,5,1,2,1,0,1,2,5,2,7,4,4,3,,FALSE
there,37,1,3,2,0,5,3,1,2,5,2,7,4,2,,FALSE
one,36,5,5,2,4,2,2,2,0,1,3,5,2,3,,TRUE
him,35,8,0,3,1,2,8,3,2,0,6,2,0,0,,FALSE
its,35,1,2,1,1,2,3,8,1,4,1,9,1,1,,TRUE
victory,35,3,2,3,7,1,6,0,0,2,8,1,0,2,,FALSE
at,35,2,3,1,0,3,4,2,0,4,4,7,3,2,,FALSE
their,34,2,4,2,0,2,1,1,0,5,2,12,1,2,,FALSE
this,33,2,2,5,0,2,0,6,1,2,3,5,1,4,,FALSE
without,32,0,0,6,1,1,1,4,0,2,3,8,3,3,,FALSE
no,30,3,2,0,5,1,2,0,0,4,1,6,2,4,,FALSE
thus,30,1,3,3,4,2,2,3,0,1,1,7,0,3,,FALSE
our,29,1,2,2,1,0,6,1,4,2,4,2,0,4,,FALSE
do,29,1,0,0,1,0,4,5,2,5,3,5,3,0,,FALSE
or,28,3,2,2,0,3,3,3,0,5,2,3,1,1,,FALSE
should,28,2,3,0,0,0,4,0,0,8,3,2,4,2,,FALSE
all,28,3,0,5,0,2,3,1,0,3,0,7,2,2,,FALSE
hence,27,2,1,3,3,1,3,2,1,0,2,2,3,4,,FALSE
into,27,1,0,2,2,0,1,5,0,1,2,11,2,0,,FALSE
soldiers,27,0,2,1,0,0,1,1,0,8,5,7,2,0,,FALSE
fight,27,0,0,4,1,0,6,0,1,4,4,5,2,0,,FALSE
as,26,1,2,2,1,5,3,2,0,1,2,3,2,2,,TRUE
has,25,1,1,1,1,0,3,2,0,2,5,7,2,0,,FALSE
make,24,2,0,0,1,0,4,4,3,1,2,4,2,1,,FALSE
out,24,1,0,0,0,2,7,1,1,3,1,2,4,2,,FALSE
spies,24,0,0,0,0,0,1,0,0,1,0,0,0,22,,FALSE
then,23,1,3,0,1,1,3,2,0,2,6,4,0,0,,FALSE
war,22,2,6,3,1,0,1,2,5,0,0,2,0,0,,FALSE
have,22,0,4,0,2,0,3,0,1,5,3,2,1,1,,FALSE
country,22,0,1,1,0,0,1,1,3,4,2,8,1,0,,FALSE
battle,21,3,0,2,1,3,3,1,0,3,2,2,1,0,,FALSE
five,20,2,0,2,0,4,1,0,4,0,0,1,3,3,,FALSE
these,20,4,0,0,0,2,1,0,3,2,4,1,1,2,,FALSE
so,20,1,0,2,0,1,6,0,1,5,0,3,0,1,,FALSE
strength,20,1,4,0,3,2,2,1,0,2,2,2,1,0,,FALSE
up,20,0,2,2,0,1,1,3,0,4,1,5,1,0,,FALSE
only,20,0,1,0,3,0,2,3,0,1,5,2,0,3,,FALSE
know,20,0,0,5,1,0,3,0,0,1,8,1,0,1,,FALSE
more,19,2,2,1,0,8,2,1,0,1,0,0,0,2,,FALSE
own,19,0,4,0,1,0,4,0,1,0,4,3,1,1,,FALSE
sun,18,1,1,1,2,2,2,1,1,3,1,1,1,1,,TRUE
fighting,18,0,2,2,0,5,1,1,0,0,5,2,0,0,,FALSE
i,17,3,0,0,0,0,2,0,0,0,0,11,0,1,,FALSE
advantage,17,0,2,0,0,0,1,3,3,1,2,3,2,0,,FALSE
means,16,1,0,0,2,0,1,2,0,5,0,2,2,1,,FALSE
other,16,0,2,1,1,1,2,1,1,1,1,2,0,3,,FALSE
way,16,0,1,2,0,0,3,1,1,0,0,7,1,0,,FALSE
against,16,0,0,1,4,2,4,1,0,0,2,2,0,0,,FALSE
defeat,15,3,0,1,7,1,0,0,0,0,3,0,0,0,,FALSE
than,15,0,1,2,0,7,1,1,0,2,0,0,0,1,,FALSE
like,15,0,0,1,1,7,1,3,0,0,0,2,0,0,,FALSE
tzu,14,1,1,1,1,1,2,1,1,1,1,1,1,1,,TRUE
said,14,1,1,1,1,1,2,1,1,1,1,1,1,1,,TRUE
art,14,2,0,1,0,0,1,7,2,0,0,1,0,0,,FALSE
let,14,3,1,0,0,0,1,3,1,2,1,2,0,0,,FALSE
order,14,0,1,1,0,2,1,5,0,1,0,2,1,0,,FALSE
first,14,0,1,0,2,0,2,1,0,2,2,2,1,1,,FALSE
force,14,0,0,2,1,1,3,1,0,1,2,2,1,0,,FALSE
fire,14,0,0,0,0,0,1,1,0,0,0,0,12,0,,FALSE
great,13,1,1,0,1,0,1,0,0,1,3,3,0,2,,FALSE
away,13,2,2,1,0,1,1,0,0,2,1,2,0,1,,FALSE
weak,13,1,0,1,0,1,4,0,0,1,4,1,0,0,,FALSE
take,13,0,1,4,0,0,0,2,0,3,0,3,0,0,,FALSE
come,13,0,0,1,0,2,0,0,0,4,2,2,1,1,,FALSE
use,13,0,0,0,0,0,0,2,1,0,0,2,3,5,,FALSE
any,12,2,0,1,0,0,1,0,1,3,1,2,0,1,,FALSE
forces,12,2,0,4,0,0,2,1,1,0,1,1,0,0,,FALSE
where,12,2,1,0,0,0,5,0,1,1,0,0,2,0,,FALSE
though,12,0,1,1,0,0,4,1,1,0,2,2,0,0,,FALSE
cannot,12,0,0,1,1,0,2,1,0,0,0,2,0,5,,FALSE
move,12,0,0,0,0,2,1,2,0,1,1,2,2,1,,FALSE
march,12,0,0,0,0,1,2,4,0,3,0,2,0,0,,FALSE
keep,12,0,0,0,0,0,1,0,1,3,0,6,1,0,,FALSE
officers,11,2,0,1,0,0,0,0,0,1,4,3,0,0,,FALSE
able,11,1,1,0,2,0,1,0,1,0,1,3,0,1,,FALSE
does,11,0,1,0,1,1,3,1,1,0,0,3,0,0,,FALSE
those,11,0,2,0,0,0,1,0,0,1,0,3,3,1,,FALSE
too,11,0,0,1,0,1,0,2,0,2,4,1,0,0,,FALSE
result,11,0,0,2,0,0,0,0,0,0,8,0,1,0,,FALSE
what,11,0,0,0,2,0,6,0,0,1,0,1,0,1,,FALSE
position,11,0,0,0,1,0,0,0,2,3,4,0,1,0,,FALSE
rear,11,0,0,0,0,0,4,0,0,3,0,4,0,0,,FALSE
camp,11,0,0,0,0,0,0,2,0,4,1,1,2,1,,FALSE
plans,10,2,0,1,0,0,1,1,2,0,0,2,1,0,,FALSE
field,10,1,1,2,0,0,4,1,0,0,0,0,1,0,,FALSE
therefore,10,1,1,1,0,1,2,1,0,1,0,2,0,0,,FALSE
my,10,3,0,0,0,0,1,0,0,0,0,6,0,0,,FALSE
nor,10,1,0,1,1,0,1,2,0,0,1,1,1,1,,FALSE
while,10,1,1,1,0,0,2,3,0,2,0,0,0,0,,FALSE
much,10,1,0,0,0,2,1,1,0,5,0,0,0,0,,FALSE
called,10,0,1,1,1,0,1,0,0,0,3,2,0,1,,FALSE
good,10,0,0,1,2,2,0,0,0,0,1,1,2,1,,FALSE
troops,10,0,0,1,0,1,0,1,1,2,0,2,2,0,,FALSE
tactics,10,0,0,0,1,1,5,0,2,0,0,1,0,0,,FALSE
water,10,0,0,0,0,0,5,0,0,2,0,0,2,1,,FALSE
before,10,0,0,0,0,0,0,3,0,1,3,2,0,1,,FALSE
would,10,0,0,0,0,0,0,0,0,0,0,10,0,0,,FALSE
earth,9,3,0,0,2,1,1,0,0,0,2,0,0,0,,FALSE
open,9,1,0,0,0,0,0,0,0,0,3,5,0,0,,FALSE
military,9,3,0,2,1,0,1,1,0,1,0,0,0,0,,FALSE
such,9,2,2,1,0,0,0,2,0,1,1,0,0,0,,FALSE
now,9,1,2,1,0,0,0,1,0,1,1,1,0,1,,FALSE
how,9,1,0,1,1,0,2,0,1,0,0,3,0,0,,FALSE
skillful,9,0,1,1,1,1,2,0,0,0,0,3,0,0,,FALSE
whole,9,0,0,2,1,1,2,1,0,0,0,1,0,1,,FALSE
being,9,0,0,2,1,0,1,0,0,1,2,0,1,1,,FALSE
energy,9,0,0,0,0,8,0,0,0,0,0,1,0,0,,FALSE
even,9,0,0,0,0,1,3,0,1,0,4,0,0,0,,FALSE
desperate,9,0,0,0,0,0,0,1,1,0,0,7,0,0,,FALSE
state,8,1,2,3,0,0,0,0,0,0,0,1,0,1,,FALSE
death,8,2,0,0,0,0,0,0,0,1,1,3,0,1,,FALSE
ruler,8,1,0,1,0,0,0,0,0,0,2,0,3,1,,FALSE
knows,8,2,0,2,0,0,0,0,1,0,2,1,0,0,,FALSE
most,8,2,0,0,1,0,0,1,0,0,0,2,0,2,,FALSE
unable,8,1,0,1,0,0,1,1,0,0,3,1,0,0,,FALSE
disorder,8,1,0,0,0,4,0,1,0,0,1,1,0,0,,FALSE
points,8,1,0,1,0,1,4,0,0,1,0,0,0,0,,FALSE
win,8,1,0,5,0,0,0,0,0,0,1,0,1,0,,FALSE
thousand,8,0,4,0,1,0,0,0,0,0,0,0,0,3,,FALSE
chariots,8,0,6,0,0,0,0,0,0,2,0,0,0,0,,FALSE
long,8,0,2,0,0,0,1,1,0,1,0,2,1,0,,FALSE
hand,8,0,1,0,1,0,0,1,1,1,0,3,0,0,,FALSE
leader,8,0,1,1,1,0,0,1,2,0,0,1,0,1,,FALSE
sovereign,8,0,0,1,0,0,0,1,2,0,1,0,0,3,,FALSE
yet,8,0,0,0,0,6,0,0,1,0,0,1,0,0,,FALSE
right,8,0,0,0,0,1,4,0,0,2,0,1,0,0,,FALSE
places,8,0,0,0,0,0,3,0,0,5,0,0,0,0,,FALSE
place,8,0,0,0,0,0,3,0,0,1,1,3,0,0,,FALSE
time,8,0,0,0,0,0,2,0,0,1,0,1,3,1,,FALSE
natural,8,0,0,0,0,0,1,1,0,3,2,1,0,0,,FALSE
knowledge,8,0,0,0,0,0,0,1,1,1,1,1,0,3,,FALSE
unless,8,0,0,0,0,0,0,2,0,1,0,2,3,0,,FALSE
spy,8,0,0,0,0,0,0,0,0,0,0,0,0,8,,FALSE
discipline,7,3,0,0,1,1,0,0,0,2,0,0,0,0,,FALSE
day,7,1,1,0,0,0,0,2,0,0,0,2,0,1,,FALSE
small,7,1,1,1,0,1,0,0,0,1,0,2,0,0,,FALSE
reach,7,1,1,0,0,0,0,3,0,0,0,1,0,1,,FALSE
control,7,1,0,1,1,2,0,0,0,1,0,1,0,0,,FALSE
every,7,1,0,3,0,0,0,0,0,1,0,0,1,1,,FALSE
made,7,1,0,1,0,0,1,0,1,1,0,2,0,0,,FALSE
side,7,2,0,0,0,0,0,0,0,2,1,2,0,0,,FALSE
conquer,7,1,0,1,2,0,1,1,0,0,0,0,0,1,,FALSE
yourself,7,1,0,3,0,0,0,0,0,0,1,2,0,0,,FALSE
over,7,1,0,1,0,0,1,0,0,4,0,0,0,0,,FALSE
warfare,7,1,1,0,0,0,1,1,0,2,0,1,0,0,,FALSE
makes,7,2,1,0,1,0,0,0,0,2,1,0,0,0,,FALSE
many,7,2,1,0,0,0,2,0,0,1,0,0,0,1,,FALSE
hundred,7,0,1,1,0,0,1,1,0,0,0,0,0,3,,FALSE
front,7,0,1,0,0,0,0,1,0,1,1,3,0,0,,FALSE
coming,7,0,1,0,0,0,3,0,1,1,1,0,0,0,,FALSE
having,7,0,1,0,0,0,1,1,0,0,0,0,0,4,,FALSE
soldier,7,0,1,1,0,0,1,1,0,0,2,1,0,0,,FALSE
high,7,0,1,0,0,0,2,0,1,3,0,0,0,0,,FALSE
single,7,0,1,0,1,0,1,1,0,0,0,2,0,1,,FALSE
shall,7,0,1,0,0,0,3,1,0,0,0,2,0,0,,FALSE
strong,7,0,0,1,0,1,2,0,0,0,2,1,0,0,,FALSE
advance,7,0,0,1,0,0,1,2,0,3,0,0,0,0,,FALSE
himself,7,0,0,1,3,0,1,0,0,0,0,2,0,0,,FALSE
sign,7,0,0,0,3,0,0,0,0,4,0,0,0,0,,FALSE
four,7,0,0,0,0,1,1,0,0,2,0,2,1,0,,FALSE
once,7,0,0,0,0,1,0,0,0,1,2,1,2,0,,FALSE
shows,7,0,0,0,0,0,0,1,0,4,0,2,0,0,,FALSE
hostile,7,0,0,0,0,0,0,0,1,0,0,5,0,1,,FALSE
account,6,2,0,0,0,0,0,1,1,0,1,1,0,0,,FALSE
heaven,6,3,0,0,1,1,0,0,0,0,1,0,0,0,,FALSE
method,6,2,0,1,2,1,0,0,0,0,0,0,0,0,,FALSE
causes,6,1,3,1,0,0,0,0,0,0,1,0,0,0,,FALSE
people,6,1,4,0,0,0,0,0,0,0,0,0,0,1,,FALSE
courage,6,1,0,0,1,2,0,0,0,0,0,2,0,0,,FALSE
wise,6,1,2,0,0,0,0,0,1,0,0,0,0,2,,FALSE
two,6,2,0,1,0,2,0,0,0,0,1,0,0,0,,FALSE
ability,6,1,0,0,2,1,0,0,0,0,0,1,0,1,,FALSE
advantages,6,1,0,0,0,0,1,0,2,1,0,1,0,0,,FALSE
circumstances,6,2,0,1,0,0,1,2,0,0,0,0,0,0,,FALSE
near,6,2,0,0,0,0,1,1,0,2,0,0,0,0,,FALSE
opponent,6,1,0,0,0,0,3,0,0,0,0,2,0,0,,FALSE
taking,6,1,0,0,1,0,1,0,0,1,0,2,0,0,,FALSE
few,6,2,0,0,0,1,2,0,0,1,0,0,0,0,,FALSE
point,6,1,1,0,0,0,1,1,1,0,0,1,0,0,,FALSE
li,6,0,1,0,0,0,2,3,0,0,0,0,0,0,,FALSE
man,6,0,2,1,0,0,0,0,0,0,0,2,0,1,,FALSE
never,6,0,1,0,0,1,0,0,0,0,2,1,1,0,,FALSE
been,6,0,2,0,1,1,0,0,0,1,0,0,1,0,,FALSE
neither,6,0,1,1,2,0,1,0,0,0,1,0,0,0,,FALSE
bring,6,0,1,1,1,0,0,0,0,0,0,2,0,1,,FALSE
distance,6,0,2,0,0,0,0,1,0,0,2,1,0,0,,FALSE
best,6,0,0,2,0,0,0,0,1,1,1,1,0,0,,FALSE
attacking,6,0,0,1,1,0,0,1,1,0,0,0,2,0,,FALSE
retreat,6,0,0,1,0,0,0,1,0,1,2,1,0,0,,FALSE
through,6,0,0,1,0,0,3,0,0,0,0,1,0,1,,FALSE
whose,6,0,0,1,0,0,2,2,0,0,1,0,0,0,,FALSE
dispositions,6,0,0,0,1,1,3,0,0,0,0,0,0,1,,FALSE
see,6,0,0,0,2,0,2,0,0,0,0,1,1,0,,FALSE
making,6,0,0,0,2,0,1,0,0,0,1,0,1,1,,FALSE
after,6,0,0,0,1,0,0,3,0,1,1,0,0,0,,FALSE
under,6,0,0,0,0,2,1,0,0,1,0,0,0,2,,FALSE
host,6,0,0,0,0,1,0,2,0,0,0,2,0,1,,FALSE
direct,6,0,0,0,0,4,0,1,0,1,0,0,0,0,,FALSE
turn,6,0,0,0,0,1,1,1,1,0,1,1,0,0,,FALSE
strike,6,0,0,0,0,1,1,0,0,0,0,3,0,1,,FALSE
attacks,6,0,0,0,0,0,2,1,0,0,0,1,2,0,,FALSE
us,6,0,0,0,0,0,2,0,1,1,1,0,0,1,,FALSE
face,6,0,0,0,0,0,1,1,0,1,0,2,0,1,,FALSE
left,6,0,0,0,0,0,4,0,0,1,0,1,0,0,,FALSE
carefully,6,0,0,0,0,0,1,0,0,1,2,2,0,0,,FALSE
difficult,6,0,0,0,0,0,0,1,1,0,0,4,0,0,,FALSE
until,6,0,0,0,0,0,0,1,0,1,0,4,0,0,,FALSE
territory,6,0,0,0,0,0,0,1,0,0,0,5,0,0,,FALSE
hard,6,0,0,0,0,0,0,1,0,1,1,3,0,0,,FALSE
river,6,0,0,0,0,0,0,0,0,5,0,1,0,0,,FALSE
regard,6,0,0,0,0,0,0,0,0,0,4,2,0,0,,FALSE
highways,6,0,0,0,0,0,0,0,0,0,0,5,0,1,,FALSE
converted,6,0,0,0,0,0,0,0,0,0,0,0,0,6,,FALSE
conditions,5,2,0,1,0,0,1,0,0,0,1,0,0,0,,FALSE
complete,5,1,0,2,1,0,0,0,0,0,1,0,0,0,,FALSE
danger,5,2,0,0,0,0,0,0,0,1,0,2,0,0,,FALSE
night,5,1,0,0,0,0,0,2,0,1,0,0,1,0,,FALSE
distances,5,1,0,0,0,0,2,0,0,0,1,0,0,1,,FALSE
narrow,5,1,0,0,0,0,0,0,0,0,2,2,0,0,,FALSE
passes,5,1,0,0,0,0,0,0,0,0,2,2,0,0,,FALSE
chances,5,1,0,0,3,0,0,1,0,0,0,0,0,0,,FALSE
proper,5,1,0,0,0,0,0,0,0,0,0,1,3,0,,FALSE
whom,5,1,1,0,0,0,1,0,0,0,0,0,0,2,,FALSE
both,5,1,0,1,0,0,0,0,0,0,1,2,0,0,,FALSE
command,5,1,0,0,0,1,0,0,0,0,0,2,0,1,,FALSE
far,5,2,0,0,0,0,0,2,0,1,0,0,0,0,,FALSE
hold,5,1,0,0,0,0,2,0,1,0,0,0,0,1,,FALSE
secure,5,1,0,0,2,1,0,0,0,1,0,0,0,0,,FALSE
calculation,5,1,0,0,3,0,0,0,0,0,0,0,0,1,,FALSE
heavy,5,0,3,0,0,0,0,0,0,1,0,0,0,1,,FALSE
enough,5,0,2,0,0,0,0,2,0,0,0,1,0,0,,FALSE
exhausted,5,0,1,0,0,0,2,0,0,1,0,0,0,1,,FALSE
acquainted,5,0,1,0,0,0,0,1,2,0,0,1,0,0,,FALSE
food,5,0,1,0,0,0,1,0,0,2,0,1,0,0,,FALSE
defeating,5,0,1,0,4,0,0,0,0,0,0,0,0,0,,FALSE
flags,5,0,1,0,0,0,0,3,0,1,0,0,0,0,,FALSE
armies,5,0,1,0,0,0,0,0,1,1,1,0,0,1,,FALSE
destroy,5,0,0,3,0,1,0,0,0,0,0,1,0,0,,FALSE
battles,5,0,0,2,1,0,0,0,0,0,1,0,1,0,,FALSE
cities,5,0,0,3,0,0,0,0,0,0,0,2,0,0,,FALSE
three,5,0,0,3,0,0,0,1,0,0,0,1,0,0,,FALSE
still,5,0,0,1,0,0,0,1,0,1,1,1,0,0,,FALSE
numbers,5,0,0,1,0,1,2,0,0,1,0,0,0,0,,FALSE
end,5,0,0,1,0,2,0,0,0,1,0,0,0,1,,FALSE
same,5,0,0,2,0,1,0,1,0,0,0,1,0,0,,FALSE
principle,5,0,0,1,0,1,1,0,0,0,0,2,0,0,,FALSE
simply,5,0,0,1,0,1,0,0,0,1,0,0,1,1,,FALSE
spirit,5,0,0,1,0,0,0,3,0,0,0,0,1,0,,FALSE
gained,5,0,0,1,0,0,1,0,0,1,0,1,1,0,,FALSE
tactical,5,0,0,0,1,1,1,2,0,0,0,0,0,0,,FALSE
put,5,0,0,0,1,0,0,0,0,0,0,2,1,1,,FALSE
ourselves,5,0,0,0,2,0,1,0,1,0,0,1,0,0,,FALSE
hands,5,0,0,0,1,0,1,1,1,0,0,1,0,0,,FALSE
certain,5,0,0,0,1,0,0,0,0,1,0,0,0,3,,FALSE
secret,5,0,0,0,1,0,0,0,0,0,0,1,0,3,,FALSE
large,5,0,0,0,0,2,0,1,0,0,0,2,0,0,,FALSE
question,5,0,0,0,0,3,0,0,0,1,0,1,0,0,,FALSE
different,5,0,0,0,0,1,1,1,0,1,0,1,0,0,,FALSE
remain,5,0,0,0,0,2,0,0,0,1,0,0,1,1,,FALSE
indirect,5,0,0,0,0,5,0,0,0,0,0,0,0,0,,FALSE
begin,5,0,0,0,0,1,0,0,0,2,0,1,0,1,,FALSE
each,5,0,0,0,0,1,1,0,0,0,0,2,0,1,,FALSE
wait,5,0,0,0,0,1,0,1,0,1,1,0,1,0,,FALSE
nature,5,0,0,0,0,1,1,0,0,0,2,1,0,0,,FALSE
down,5,0,0,0,0,2,0,0,0,0,0,2,0,1,,FALSE
positions,5,0,0,0,0,0,1,0,2,0,1,1,0,0,,FALSE
attacked,5,0,0,0,0,0,1,0,1,0,0,3,0,0,,FALSE
behind,5,0,0,0,0,0,1,1,0,1,0,2,0,0,,FALSE
possible,5,0,0,0,0,0,2,0,0,1,0,0,2,0,,FALSE
number,5,0,0,0,0,0,1,0,0,2,0,2,0,0,,FALSE
nothing,5,0,0,0,0,0,1,1,0,0,0,3,0,0,,FALSE
succeed,5,0,0,0,0,0,1,1,1,0,0,1,1,0,,FALSE
always,5,0,0,0,0,0,1,0,1,1,0,0,1,1,,FALSE
days,5,0,0,0,0,0,1,0,0,0,0,0,4,0,,FALSE
maneuvering,5,0,0,0,0,0,0,5,0,0,0,0,0,0,,FALSE
commands,5,0,0,0,0,0,0,1,2,1,1,0,0,0,,FALSE
purpose,5,0,0,0,0,0,0,1,0,0,1,3,0,0,,FALSE
local,5,0,0,0,0,0,0,1,0,0,0,1,0,3,,FALSE
amongst,5,0,0,0,0,0,0,2,0,2,0,0,1,0,,FALSE
banners,5,0,0,0,0,0,0,4,0,1,0,0,0,0,,FALSE
flight,5,0,0,0,0,0,0,1,0,1,2,1,0,0,,FALSE
hemmed-in,5,0,0,0,0,0,0,0,1,0,0,4,0,0,,FALSE
get,5,0,0,0,0,0,0,0,0,5,0,0,0,0,,FALSE
condition,5,0,0,0,0,0,0,0,0,1,3,0,0,1,,FALSE
facile,5,0,0,0,0,0,0,0,0,0,0,5,0,0,,FALSE
intersecting,5,0,0,0,0,0,0,0,0,0,0,5,0,0,,FALSE
serious,5,0,0,0,0,0,0,0,0,0,0,5,0,0,,FALSE
either,4,1,0,0,0,0,0,1,0,1,0,1,0,0,,FALSE
safety,4,1,0,0,0,0,1,0,0,1,0,1,0,0,,FALSE
moral,4,3,0,0,1,0,0,0,0,0,0,0,0,0,,FALSE
law,4,3,0,0,1,0,0,0,0,0,0,0,0,0,,FALSE
follow,4,1,0,0,0,0,0,0,0,0,2,0,1,0,,FALSE
rank,4,1,0,0,0,0,0,0,0,2,1,0,0,0,,FALSE
acts,4,2,0,0,0,0,0,0,0,0,0,1,0,1,,FALSE
upon,4,2,0,1,0,0,0,0,0,0,1,0,0,0,,FALSE
according,4,1,0,0,0,1,2,0,0,0,0,0,0,0,,FALSE
prepared,4,1,0,1,0,0,0,0,0,0,1,0,1,0,,FALSE
ease,4,1,0,0,1,0,1,1,0,0,0,0,0,0,,FALSE
give,4,1,0,0,0,2,0,0,0,0,1,0,0,0,,FALSE
united,4,1,0,0,0,0,1,1,0,0,0,1,0,0,,FALSE
calculations,4,4,0,0,0,0,0,0,0,0,0,0,0,0,,FALSE
lead,4,1,0,0,0,1,0,1,0,0,0,1,0,0,,FALSE
carry,4,0,1,0,0,0,0,1,0,0,0,0,1,1,,FALSE
home,4,0,2,0,0,0,0,1,0,0,0,0,0,1,,FALSE
again,4,0,1,0,0,0,0,0,0,1,0,0,1,1,,FALSE
resources,4,0,1,0,0,0,0,0,0,1,0,0,1,1,,FALSE
seen,4,0,1,0,0,1,0,1,0,1,0,0,0,0,,FALSE
second,4,0,1,0,0,0,2,0,0,0,0,0,1,0,,FALSE
go,4,0,1,0,0,1,0,0,0,1,1,0,0,0,,FALSE
cause,4,0,1,0,0,0,1,0,1,0,0,0,0,1,,FALSE
kept,4,0,1,0,0,0,0,0,0,1,0,0,2,0,,FALSE
known,4,0,1,0,0,0,2,0,0,0,0,0,1,0,,FALSE
whether,4,0,1,0,0,0,0,1,0,0,1,0,0,1,,FALSE
stratagem,4,0,0,2,0,0,0,0,1,0,0,1,0,0,,FALSE
capture,4,0,0,1,0,0,0,1,1,0,0,1,0,0,,FALSE
excellence,4,0,0,2,2,0,0,0,0,0,0,0,0,0,,FALSE
prevent,4,0,0,1,0,0,2,0,0,0,0,1,0,0,,FALSE
rule,4,0,0,2,0,0,0,0,0,0,0,2,0,0,,FALSE
kingdom,4,0,0,2,0,0,0,0,0,0,1,0,1,0,,FALSE
inferior,4,0,0,2,0,0,1,0,0,0,1,0,0,0,,FALSE
sure,4,0,0,1,0,0,1,0,0,1,1,0,0,0,,FALSE
saying,4,0,0,1,1,0,0,0,0,0,1,0,1,0,,FALSE
need,4,0,0,1,0,0,2,0,0,0,0,1,0,0,,FALSE
fighter,4,0,0,0,3,1,0,0,0,0,0,0,0,0,,FALSE
forth,4,0,0,0,1,0,0,0,0,0,2,1,0,0,,FALSE
heights,4,0,0,0,1,0,0,0,0,1,2,0,0,0,,FALSE
well,4,0,0,0,1,0,1,0,1,0,0,0,1,0,,FALSE
moon,4,0,0,0,1,1,1,0,0,0,0,0,1,0,,FALSE
clever,4,0,0,0,1,1,1,1,0,0,0,0,0,0,,FALSE
impossible,4,0,0,0,1,0,1,1,0,0,1,0,0,0,,FALSE
moment,4,0,0,0,1,0,0,0,0,1,0,1,1,0,,FALSE
deep,4,0,0,0,1,0,1,0,0,1,0,1,0,0,,FALSE
merely,4,0,0,0,0,2,1,0,0,0,0,0,1,0,,FALSE
signs,4,0,0,0,0,1,0,0,0,3,0,0,0,0,,FALSE
ensure,4,0,0,0,0,1,1,0,0,0,0,2,0,0,,FALSE
pass,4,0,0,0,0,1,0,0,0,1,2,0,0,0,,FALSE
return,4,0,0,0,0,1,0,1,0,1,1,0,0,0,,FALSE
rise,4,0,0,0,0,2,0,0,0,0,0,0,0,2,,FALSE
ever,4,0,0,0,0,3,0,0,0,0,0,0,1,0,,FALSE
head,4,0,0,0,0,1,0,0,0,0,0,3,0,0,,FALSE
tail,4,0,0,0,0,1,0,0,0,0,0,3,0,0,,FALSE
something,4,0,0,0,0,1,1,0,0,0,0,1,1,0,,FALSE
body,4,0,0,0,0,1,1,1,0,0,0,1,0,0,,FALSE
were,4,0,0,0,0,1,0,0,0,0,0,3,0,0,,FALSE
mountain,4,0,0,0,0,1,0,1,0,1,0,1,0,0,,FALSE
height,4,0,0,0,0,1,0,0,0,0,0,1,1,1,,FALSE
whoever,4,0,0,0,0,0,4,0,0,0,0,0,0,0,,FALSE
several,4,0,0,0,0,0,2,0,0,1,1,0,0,0,,FALSE
strengthen,4,0,0,0,0,0,4,0,0,0,0,0,0,0,,FALSE
van,4,0,0,0,0,0,4,0,0,0,0,0,0,0,,FALSE
weaken,4,0,0,0,0,0,4,0,0,0,0,0,0,0,,FALSE
comes,4,0,0,0,0,0,1,2,0,0,0,1,0,0,,FALSE
concentrate,4,0,0,0,0,0,1,1,0,1,0,1,0,0,,FALSE
spots,4,0,0,0,0,0,1,0,0,0,2,1,0,0,,FALSE
none,4,0,0,0,0,0,1,0,0,0,0,0,0,3,,FALSE
facing,4,0,0,0,0,0,1,0,0,3,0,0,0,0,,FALSE
just,4,0,0,0,0,0,1,0,0,0,0,3,0,0,,FALSE
gain,4,0,0,0,0,0,0,1,0,1,1,0,1,0,,FALSE
fall,4,0,0,0,0,0,0,3,0,1,0,0,0,0,,FALSE
mountains,4,0,0,0,0,0,0,1,0,1,0,2,0,0,,FALSE
meet,4,0,0,0,0,0,0,0,0,3,0,0,1,0,,FALSE
rising,4,0,0,0,0,0,0,0,0,3,0,0,1,0,,FALSE
sunny,4,0,0,0,0,0,0,0,0,2,2,0,0,0,,FALSE
between,4,0,0,0,0,0,0,0,0,1,0,3,0,0,,FALSE
critical,4,0,0,0,0,0,0,0,0,1,0,2,1,0,,FALSE
stand,4,0,0,0,0,0,0,0,0,1,2,1,0,0,,FALSE
orders,4,0,0,0,0,0,0,0,0,1,1,2,0,0,,FALSE
six,4,0,0,0,0,0,0,0,0,0,4,0,0,0,,FALSE
things,4,0,0,0,0,0,0,0,0,0,1,1,0,2,,FALSE
dispersive,4,0,0,0,0,0,0,0,0,0,0,4,0,0,,FALSE
contentious,4,0,0,0,0,0,0,0,0,0,0,4,0,0,,FALSE
was,4,0,0,0,0,0,0,0,0,0,0,1,0,3,,FALSE
because,4,0,0,0,0,0,0,0,0,0,0,2,0,2,,FALSE
business,4,0,0,0,0,0,0,0,0,0,0,2,0,2,,FALSE
burn,4,0,0,0,0,0,0,0,0,0,0,0,4,0,,FALSE
life,3,2,0,0,0,0,0,0,0,0,0,0,1,0,,FALSE
road,3,1,0,0,0,0,0,0,0,1,0,1,0,0,,FALSE
ruin,3,1,0,0,0,0,0,0,0,0,2,0,0,0,,FALSE
subject,3,1,0,0,0,1,0,0,1,0,0,0,0,0,,FALSE
constant,3,1,0,0,0,0,2,0,0,0,0,0,0,0,,FALSE
lives,3,1,0,0,0,0,0,0,0,0,0,2,0,0,,FALSE
seasons,3,1,0,0,0,1,1,0,0,0,0,0,0,0,,FALSE
roads,3,1,0,0,0,0,0,0,2,0,0,0,0,0,,FALSE
supplies,3,1,0,0,0,0,0,0,0,0,1,1,0,0,,FALSE
expenditure,3,1,1,0,0,0,0,0,0,0,0,0,0,1,,FALSE
familiar,3,1,0,0,0,0,0,1,0,0,0,1,0,0,,FALSE
victorious,3,1,0,0,2,0,0,0,0,0,0,0,0,0,,FALSE
fail,3,1,0,0,0,0,0,0,1,0,1,0,0,0,,FALSE
enforced,3,1,0,0,0,0,0,0,0,2,0,0,0,0,,FALSE
stronger,3,1,0,0,0,0,1,1,0,0,0,0,0,0,,FALSE
greater,3,1,0,0,0,0,0,0,0,0,0,1,0,1,,FALSE
counsel,3,3,0,0,0,0,0,0,0,0,0,0,0,0,,FALSE
also,3,1,0,1,0,0,0,0,0,0,1,0,0,0,,FALSE
beyond,3,1,0,0,1,0,0,0,0,0,0,0,0,1,,FALSE
ordinary,3,1,0,0,0,0,0,1,0,0,0,0,0,1,,FALSE
using,3,1,1,0,0,0,0,0,0,0,0,0,0,1,,FALSE
crush,3,1,0,0,0,0,0,0,0,0,0,1,0,1,,FALSE
superior,3,1,0,1,0,0,1,0,0,0,0,0,0,0,,FALSE
temper,3,1,0,0,0,0,0,1,1,0,0,0,0,0,,FALSE
unprepared,3,1,0,1,0,0,0,0,0,0,1,0,0,0,,FALSE
beforehand,3,2,0,0,0,0,0,0,0,0,1,0,0,0,,FALSE
wins,3,1,0,0,2,0,0,0,0,0,0,0,0,0,,FALSE
lose,3,1,0,0,0,0,0,1,0,0,0,1,0,0,,FALSE
operations,3,0,1,1,0,0,0,0,0,1,0,0,0,0,,FALSE
provisions,3,0,2,0,0,0,0,1,0,0,0,0,0,0,,FALSE
total,3,0,2,0,0,0,0,0,0,0,0,1,0,0,,FALSE
ounces,3,0,1,0,0,0,0,0,0,0,0,0,0,2,,FALSE
silver,3,0,1,0,0,0,0,0,0,0,0,0,0,2,,FALSE
raising,3,0,1,0,0,0,0,0,0,0,0,0,1,1,,FALSE
siege,3,0,1,2,0,0,0,0,0,0,0,0,0,0,,FALSE
equal,3,0,1,0,0,0,0,0,0,0,2,0,0,0,,FALSE
instance,3,0,1,0,0,0,0,0,0,1,0,0,0,1,,FALSE
thoroughly,3,0,2,0,0,0,0,0,1,0,0,0,0,0,,FALSE
substance,3,0,3,0,0,0,0,0,0,0,0,0,0,0,,FALSE
loss,3,0,1,0,0,0,0,0,0,0,1,0,0,1,,FALSE
horses,3,0,1,0,0,0,0,0,0,1,0,1,0,0,,FALSE
rewards,3,0,1,0,0,0,0,0,0,1,0,1,0,0,,FALSE
ten,3,0,1,1,0,0,0,0,0,0,1,0,0,0,,FALSE
used,3,0,1,0,0,1,0,0,0,0,0,0,0,1,,FALSE
captured,3,0,1,1,0,0,0,0,0,1,0,0,0,0,,FALSE
treated,3,0,1,0,0,0,0,0,0,1,0,0,0,1,,FALSE
foe,3,0,1,0,0,0,1,1,0,0,0,0,0,0,,FALSE
object,3,0,1,0,0,0,0,1,0,0,0,0,0,1,,FALSE
fate,3,0,1,0,0,0,1,0,0,0,0,0,1,0,,FALSE
peace,3,0,1,0,0,0,0,0,0,1,0,0,1,0,,FALSE
practical,3,0,0,1,0,0,0,0,1,0,1,0,0,0,,FALSE
intact,3,0,0,2,0,0,0,0,0,0,0,0,1,0,,FALSE
supreme,3,0,0,2,0,0,0,0,0,1,0,0,0,0,,FALSE
highest,3,0,0,1,0,0,1,0,0,0,0,0,0,1,,FALSE
empire,3,0,0,1,1,0,0,0,0,0,0,1,0,0,,FALSE
equally,3,0,0,1,0,0,2,0,0,0,0,0,0,0,,FALSE
offer,3,0,0,1,0,0,0,0,0,0,1,1,0,0,,FALSE
bulwark,3,0,0,3,0,0,0,0,0,0,0,0,0,0,,FALSE
ways,3,0,0,1,0,0,0,0,0,0,1,0,1,0,,FALSE
misfortune,3,0,0,1,0,0,0,1,1,0,0,0,0,0,,FALSE
ignorance,3,0,0,1,0,0,0,0,0,0,0,1,0,1,,FALSE
trouble,3,0,0,1,0,0,0,0,2,0,0,0,0,0,,FALSE
handle,3,0,0,1,0,0,0,0,1,0,0,1,0,0,,FALSE
fear,3,0,0,1,0,1,0,0,0,0,0,1,0,0,,FALSE
old,3,0,0,0,1,0,0,0,0,0,0,1,0,1,,FALSE
themselves,3,0,0,0,1,0,0,0,0,2,0,0,0,0,,FALSE
defensive,3,0,0,0,2,0,0,0,0,0,0,1,0,0,,FALSE
defense,3,0,0,0,1,0,2,0,0,0,0,0,0,0,,FALSE
common,3,0,0,0,1,0,0,0,0,0,2,0,0,0,,FALSE
afterwards,3,0,0,0,1,0,0,0,0,1,0,1,0,0,,FALSE
power,3,0,0,0,1,0,0,0,0,0,1,1,0,0,,FALSE
success,3,0,0,0,1,0,1,0,0,0,0,1,0,0,,FALSE
measurement,3,0,0,0,3,0,0,0,0,0,0,0,0,0,,FALSE
estimation,3,0,0,0,3,0,0,0,0,0,0,0,0,0,,FALSE
quantity,3,0,0,0,3,0,0,0,0,0,0,0,0,0,,FALSE
balancing,3,0,0,0,3,0,0,0,0,0,0,0,0,0,,FALSE
effected,3,0,0,0,0,3,0,0,0,0,0,0,0,0,,FALSE
joining,3,0,0,0,0,1,0,0,0,1,0,1,0,0,,FALSE
methods,3,0,0,0,0,2,1,0,0,0,0,0,0,0,,FALSE
combination,3,0,0,0,0,3,0,0,0,0,0,0,0,0,,FALSE
rush,3,0,0,0,0,1,0,0,1,0,0,1,0,0,,FALSE
course,3,0,0,0,0,1,2,0,0,0,0,0,0,0,,FALSE
decision,3,0,0,0,0,3,0,0,0,0,0,0,0,0,,FALSE
likened,3,0,0,0,0,1,0,0,0,0,1,1,0,0,,FALSE
array,3,0,0,0,0,1,0,1,0,0,0,1,0,0,,FALSE
simulated,3,0,0,0,0,3,0,0,0,0,0,0,0,0,,FALSE
postulates,3,0,0,0,0,3,0,0,0,0,0,0,0,0,,FALSE
weakness,3,0,0,0,0,2,1,0,0,0,0,0,0,0,,FALSE
show,3,0,0,0,0,1,0,0,0,0,0,1,1,0,,FALSE
keeps,3,0,0,0,0,1,0,0,0,1,0,1,0,0,,FALSE
combined,3,0,0,0,0,3,0,0,0,0,0,0,0,0,,FALSE
become,3,0,0,0,0,1,0,0,0,1,0,0,0,1,,FALSE
unto,3,0,0,0,0,1,1,0,0,0,1,0,0,0,,FALSE
hasten,3,0,0,0,0,0,3,0,0,0,0,0,0,0,,FALSE
arrive,3,0,0,0,0,0,2,1,0,0,0,0,0,0,,FALSE
approach,3,0,0,0,0,0,1,0,0,2,0,0,0,0,,FALSE
secrecy,3,0,0,0,0,0,1,0,0,0,0,1,0,1,,FALSE
wish,3,0,0,0,0,0,2,0,0,1,0,0,0,0,,FALSE
forced,3,0,0,0,0,0,1,1,0,1,0,0,0,0,,FALSE
some,3,0,0,0,0,0,1,0,0,2,0,0,0,0,,FALSE
opponents,3,0,0,0,0,0,1,0,0,1,0,1,0,0,,FALSE
straits,3,0,0,0,0,0,1,0,0,0,0,2,0,0,,FALSE
adversary,3,0,0,0,0,0,1,0,0,0,2,0,0,0,,FALSE
goal,3,0,0,0,0,0,0,3,0,0,0,0,0,0,,FALSE
dangerous,3,0,0,0,0,0,0,1,2,0,0,0,0,0,,FALSE
lost,3,0,0,0,0,0,0,3,0,0,0,0,0,0,,FALSE
designs,3,0,0,0,0,0,0,1,0,0,0,2,0,0,,FALSE
forests,3,0,0,0,0,0,0,1,0,0,0,2,0,0,,FALSE
marshes,3,0,0,0,0,0,0,1,0,0,0,2,0,0,,FALSE
rapidity,3,0,0,0,0,0,0,1,0,0,0,2,0,0,,FALSE
wind,3,0,0,0,0,0,0,1,0,0,0,0,2,0,,FALSE
drums,3,0,0,0,0,0,0,3,0,0,0,0,0,0,,FALSE
eyes,3,0,0,0,0,0,0,2,0,0,0,1,0,0,,FALSE
robbed,3,0,0,0,0,0,0,2,0,0,0,0,1,0,,FALSE
commander-in-chief,3,0,0,0,0,0,0,1,0,0,1,1,0,0,,FALSE
mind,3,0,0,0,0,0,0,2,0,0,0,0,0,1,,FALSE
bait,3,0,0,0,0,0,0,1,0,1,1,0,0,0,,FALSE
allies,3,0,0,0,0,0,0,0,1,0,0,2,0,0,,FALSE
together,3,0,0,0,0,0,0,0,1,1,0,0,0,1,,FALSE
faults,3,0,0,0,0,0,0,0,2,0,1,0,0,0,,FALSE
neighborhood,3,0,0,0,0,0,0,0,0,2,0,1,0,0,,FALSE
crossing,3,0,0,0,0,0,0,0,0,2,0,1,0,0,,FALSE
invading,3,0,0,0,0,0,0,0,0,1,0,2,0,0,,FALSE
deliver,3,0,0,0,0,0,0,0,0,1,1,0,1,0,,FALSE
grass,3,0,0,0,0,0,0,0,0,3,0,0,0,0,,FALSE
back,3,0,0,0,0,0,0,0,0,1,0,0,1,1,,FALSE
accessible,3,0,0,0,0,0,0,0,0,1,2,0,0,0,,FALSE
occupy,3,0,0,0,0,0,0,0,0,1,2,0,0,0,,FALSE
precipitous,3,0,0,0,0,0,0,0,0,1,2,0,0,0,,FALSE
running,3,0,0,0,0,0,0,0,0,2,0,1,0,0,,FALSE
close,3,0,0,0,0,0,0,0,0,2,0,1,0,0,,FALSE
quiet,3,0,0,0,0,0,0,0,0,1,0,1,1,0,,FALSE
advancing,3,0,0,0,0,0,0,0,0,3,0,0,0,0,,FALSE
dust,3,0,0,0,0,0,0,0,0,3,0,0,0,0,,FALSE
sent,3,0,0,0,0,0,0,0,0,3,0,0,0,0,,FALSE
about,3,0,0,0,0,0,0,0,0,3,0,0,0,0,,FALSE
forward,3,0,0,0,0,0,0,0,0,1,0,1,1,0,,FALSE
authority,3,0,0,0,0,0,0,0,0,1,2,0,0,0,,FALSE
intelligence,3,0,0,0,0,0,0,0,0,1,0,0,1,1,,FALSE
situation,3,0,0,0,0,0,0,0,0,1,0,2,0,0,,FALSE
available,3,0,0,0,0,0,0,0,0,1,0,0,1,1,,FALSE
useless,3,0,0,0,0,0,0,0,0,2,1,0,0,0,,FALSE
garrisoned,3,0,0,0,0,0,0,0,0,0,3,0,0,0,,FALSE
try,3,0,0,0,0,0,0,0,0,0,1,2,0,0,,FALSE
principles,3,0,0,0,0,0,0,0,0,0,1,2,0,0,,FALSE
responsible,3,0,0,0,0,0,0,0,0,0,3,0,0,0,,FALSE
unaware,3,0,0,0,0,0,0,0,0,0,3,0,0,0,,FALSE
gone,3,0,0,0,0,0,0,0,0,0,3,0,0,0,,FALSE
halfway,3,0,0,0,0,0,0,0,0,0,3,0,0,0,,FALSE
towards,3,0,0,0,0,0,0,0,0,0,3,0,0,0,,FALSE
nine,3,0,0,0,0,0,0,0,0,0,0,3,0,0,,FALSE
varieties,3,0,0,0,0,0,0,0,0,0,0,2,0,1,,FALSE
block,3,0,0,0,0,0,0,0,0,0,0,3,0,0,,FALSE
asked,3,0,0,0,0,0,0,0,0,0,0,3,0,0,,FALSE
penetrate,3,0,0,0,0,0,0,0,0,0,0,3,0,0,,FALSE
achieve,3,0,0,0,0,0,0,0,0,0,0,1,0,2,,FALSE
help,3,0,0,0,0,0,0,0,0,0,0,2,0,1,,FALSE
itself,3,0,0,0,0,0,0,0,0,0,0,3,0,0,,FALSE
brought,3,0,0,0,0,0,0,0,0,0,0,1,1,1,,FALSE
shuai-jan,3,0,0,0,0,0,0,0,0,0,0,3,0,0,,FALSE
had,3,0,0,0,0,0,0,0,0,0,0,1,0,2,,FALSE
enlightened,3,0,0,0,0,0,0,0,0,0,0,0,2,1,,FALSE
inward,3,0,0,0,0,0,0,0,0,0,0,0,0,3,,FALSE
doomed,3,0,0,0,0,0,0,0,0,0,0,0,0,3,,FALSE
surviving,3,0,0,0,0,0,0,0,0,0,0,0,0,3,,FALSE
purposes,3,0,0,0,0,0,0,0,0,0,0,0,0,3,,FALSE
subtle,3,0,0,0,0,0,0,0,0,0,0,0,0,3,,FALSE
information,3,0,0,0,0,0,0,0,0,0,0,0,0,3,,FALSE
laying,2,1,0,1,0,0,0,0,0,0,0,0,0,0,,FALSE
matter,2,1,0,0,0,0,1,0,0,0,0,0,0,0,,FALSE
taken,2,1,1,0,0,0,0,0,0,0,0,0,0,0,,FALSE
deliberations,2,2,0,0,0,0,0,0,0,0,0,0,0,0,,FALSE
seeking,2,2,0,0,0,0,0,0,0,0,0,0,0,0,,FALSE
determine,2,2,0,0,0,0,0,0,0,0,0,0,0,0,,FALSE
commander,2,2,0,0,0,0,0,0,0,0,0,0,0,0,,FALSE
accord,2,1,0,0,0,0,1,0,0,0,0,0,0,0,,FALSE
times,2,1,0,0,0,0,0,0,0,0,1,0,0,0,,FALSE
security,2,1,0,0,1,0,0,0,0,0,0,0,0,0,,FALSE
wisdom,2,1,0,0,1,0,0,0,0,0,0,0,0,0,,FALSE
benevolence,2,1,0,0,0,0,0,0,0,0,0,0,0,1,,FALSE
among,2,1,0,0,0,0,0,0,1,0,0,0,0,0,,FALSE
sovereigns,2,1,0,0,0,0,0,0,0,1,0,0,0,0,,FALSE
lie,2,1,0,0,0,0,0,0,0,1,0,0,0,0,,FALSE
derived,2,1,0,0,0,0,0,0,0,0,0,0,0,1,,FALSE
seven,2,1,0,0,0,0,0,0,0,0,0,0,0,1,,FALSE
considerations,2,1,0,0,0,0,0,0,1,0,0,0,0,0,,FALSE
hearkens,2,2,0,0,0,0,0,0,0,0,0,0,0,0,,FALSE
suffer,2,1,0,1,0,0,0,0,0,0,0,0,0,0,,FALSE
favorable,2,1,0,0,0,0,0,0,0,0,0,0,1,0,,FALSE
modify,2,1,0,0,0,0,1,0,0,0,0,0,0,0,,FALSE
deception,2,1,0,0,0,0,0,0,0,0,0,0,0,1,,FALSE
seem,2,2,0,0,0,0,0,0,0,0,0,0,0,0,,FALSE
believe,2,2,0,0,0,0,0,0,0,0,0,0,0,0,,FALSE
baits,2,1,0,0,0,1,0,0,0,0,0,0,0,0,,FALSE
entice,2,1,0,0,0,0,0,0,0,0,1,0,0,0,,FALSE
grow,2,1,1,0,0,0,0,0,0,0,0,0,0,0,,FALSE
separate,2,1,0,0,0,0,1,0,0,0,0,0,0,0,,FALSE
appear,2,1,0,0,0,0,1,0,0,0,0,0,0,0,,FALSE
expected,2,1,0,0,0,0,1,0,0,0,0,0,0,0,,FALSE
leading,2,1,0,0,0,0,0,0,0,0,0,1,0,0,,FALSE
divulged,2,1,0,0,0,0,0,0,0,0,0,0,0,1,,FALSE
likely,2,1,0,0,0,0,0,0,0,1,0,0,0,0,,FALSE
spent,2,0,2,0,0,0,0,0,0,0,0,0,0,0,,FALSE
engage,2,0,1,0,0,0,0,0,0,0,1,0,0,0,,FALSE
weapons,2,0,2,0,0,0,0,0,0,0,0,0,0,0,,FALSE
ardor,2,0,2,0,0,0,0,0,0,0,0,0,0,0,,FALSE
damped,2,0,2,0,0,0,0,0,0,0,0,0,0,0,,FALSE
town,2,0,1,1,0,0,0,0,0,0,0,0,0,0,,FALSE
exhaust,2,0,1,0,0,1,0,0,0,0,0,0,0,0,,FALSE
however,2,0,1,0,0,0,0,0,0,0,1,0,0,0,,FALSE
ensue,2,0,1,0,0,0,0,0,0,0,1,0,0,0,,FALSE
heard,2,0,1,0,0,1,0,0,0,0,0,0,0,0,,FALSE
understand,2,0,1,0,0,0,0,0,1,0,0,0,0,0,,FALSE
twice,2,0,1,1,0,0,0,0,0,0,0,0,0,0,,FALSE
material,2,0,1,0,0,0,0,0,0,0,0,0,1,0,,FALSE
maintained,2,0,1,0,0,0,0,0,0,0,0,0,0,1,,FALSE
maintain,2,0,1,0,0,0,0,0,0,0,0,1,0,0,,FALSE
prices,2,0,2,0,0,0,0,0,0,0,0,0,0,0,,FALSE
drained,2,0,2,0,0,0,0,0,0,0,0,0,0,0,,FALSE
broken,2,0,1,0,0,0,0,0,0,0,1,0,0,0,,FALSE
spears,2,0,1,0,0,0,0,0,0,1,0,0,0,0,,FALSE
amount,2,0,1,0,0,0,0,0,0,0,0,0,0,1,,FALSE
equivalent,2,0,2,0,0,0,0,0,0,0,0,0,0,0,,FALSE
twenty,2,0,2,0,0,0,0,0,0,0,0,0,0,0,,FALSE
likewise,2,0,1,0,0,0,0,0,0,0,0,0,0,1,,FALSE
anger,2,0,1,0,0,0,0,0,0,0,0,0,1,0,,FALSE
chariot,2,0,1,0,0,0,0,0,0,0,0,1,0,0,,FALSE
rewarded,2,0,1,0,0,0,0,0,0,0,0,0,0,1,,FALSE
ours,2,0,1,0,0,0,0,0,0,1,0,0,0,0,,FALSE
lengthy,2,0,1,1,0,0,0,0,0,0,0,0,0,0,,FALSE
depends,2,0,1,0,0,0,0,0,0,0,0,0,0,1,,FALSE
peril,2,0,1,0,0,0,0,0,0,0,0,1,0,0,,FALSE
thing,2,0,0,1,0,0,0,0,0,0,0,1,0,0,,FALSE
entire,2,0,0,2,0,0,0,0,0,0,0,0,0,0,,FALSE
detachment,2,0,0,1,0,0,0,0,0,0,1,0,0,0,,FALSE
consists,2,0,0,1,0,0,0,1,0,0,0,0,0,0,,FALSE
resistance,2,0,0,1,0,0,0,0,0,0,0,1,0,0,,FALSE
form,2,0,0,1,0,0,1,0,0,0,0,0,0,0,,FALSE
generalship,2,0,0,1,0,0,0,0,0,0,0,1,0,0,,FALSE
next,2,0,0,2,0,0,0,0,0,0,0,0,0,0,,FALSE
besiege,2,0,0,2,0,0,0,0,0,0,0,0,0,0,,FALSE
walled,2,0,0,2,0,0,0,0,0,0,0,0,0,0,,FALSE
months,2,0,0,2,0,0,0,0,0,0,0,0,0,0,,FALSE
assault,2,0,0,1,0,0,0,0,0,0,0,0,1,0,,FALSE
slain,2,0,0,1,0,0,0,0,1,0,0,0,0,0,,FALSE
remains,2,0,0,1,0,0,0,0,0,1,0,0,0,0,,FALSE
surround,2,0,0,1,0,0,0,1,0,0,0,0,0,0,,FALSE
divide,2,0,0,1,0,0,0,1,0,0,0,0,0,0,,FALSE
avoid,2,0,0,1,0,0,1,0,0,0,0,0,0,0,,FALSE
obstinate,2,0,0,1,0,0,0,0,0,0,0,1,0,0,,FALSE
larger,2,0,0,1,0,0,0,0,0,0,1,0,0,0,,FALSE
ignorant,2,0,0,2,0,0,0,0,0,0,0,0,0,0,,FALSE
fact,2,0,0,1,0,0,0,0,1,0,0,0,0,0,,FALSE
obey,2,0,0,1,0,0,0,0,0,0,0,1,0,0,,FALSE
obtain,2,0,0,1,0,0,0,0,0,1,0,0,0,0,,FALSE
employing,2,0,0,1,0,0,0,0,0,0,0,0,0,1,,FALSE
confidence,2,0,0,1,0,0,0,0,0,1,0,0,0,0,,FALSE
princes,2,0,0,1,0,0,0,0,0,0,0,1,0,0,,FALSE
ranks,2,0,0,1,0,0,0,0,0,0,1,0,0,0,,FALSE
opportunity,2,0,0,0,2,0,0,0,0,0,0,0,0,0,,FALSE
lies,2,0,0,0,1,1,0,0,0,0,0,0,0,0,,FALSE
skilled,2,0,0,0,2,0,0,0,0,0,0,0,0,0,,FALSE
protect,2,0,0,0,1,0,0,0,0,0,1,0,0,0,,FALSE
within,2,0,0,0,1,0,0,0,0,0,0,0,1,0,,FALSE
acme,2,0,0,0,2,0,0,0,0,0,0,0,0,0,,FALSE
says,2,0,0,0,1,0,0,1,0,0,0,0,0,0,,FALSE
sight,2,0,0,0,1,0,0,0,0,1,0,0,0,0,,FALSE
winning,2,0,0,0,1,0,1,0,0,0,0,0,0,0,,FALSE
mistakes,2,0,0,0,2,0,0,0,0,0,0,0,0,0,,FALSE
conquering,2,0,0,0,2,0,0,0,0,0,0,0,0,0,,FALSE
defeated,2,0,0,0,1,0,0,0,0,0,1,0,0,0,,FALSE
puts,2,0,0,0,1,0,0,0,0,0,1,0,0,0,,FALSE
looks,2,0,0,0,1,1,0,0,0,0,0,0,0,0,,FALSE
cultivates,2,0,0,0,1,0,0,0,0,0,0,0,1,0,,FALSE
routed,2,0,0,0,1,0,0,0,0,1,0,0,0,0,,FALSE
grain,2,0,0,0,1,0,0,0,0,1,0,0,0,0,,FALSE
maneuvers,2,0,0,0,0,2,0,0,0,0,0,0,0,0,,FALSE
combinations,2,0,0,0,0,2,0,0,0,0,0,0,0,0,,FALSE
yellow,2,0,0,0,0,1,0,0,0,1,0,0,0,0,,FALSE
moving,2,0,0,0,0,1,0,0,0,1,0,0,0,0,,FALSE
onset,2,0,0,0,0,2,0,0,0,0,0,0,0,0,,FALSE
roll,2,0,0,0,0,1,0,1,0,0,0,0,0,0,,FALSE
stones,2,0,0,0,0,2,0,0,0,0,0,0,0,0,,FALSE
along,2,0,0,0,0,1,0,0,0,0,0,1,0,0,,FALSE
enables,2,0,0,0,0,1,0,0,0,0,0,0,0,1,,FALSE
amid,2,0,0,0,0,2,0,0,0,0,0,0,0,0,,FALSE
perfect,2,0,0,0,0,1,0,1,0,0,0,0,0,0,,FALSE
keeping,2,0,0,0,0,1,0,0,0,0,0,1,0,0,,FALSE
appearances,2,0,0,0,0,1,0,0,0,0,0,1,0,0,,FALSE
act,2,0,0,0,0,1,0,0,0,1,0,0,0,0,,FALSE
snatch,2,0,0,0,0,1,0,1,0,0,0,0,0,0,,FALSE
holding,2,0,0,0,0,1,1,0,0,0,0,0,0,0,,FALSE
picked,2,0,0,0,0,1,0,0,0,0,1,0,0,0,,FALSE
combatant,2,0,0,0,0,1,1,0,0,0,0,0,0,0,,FALSE
utilize,2,0,0,0,0,1,0,0,0,1,0,0,0,0,,FALSE
rolling,2,0,0,0,0,2,0,0,0,0,0,0,0,0,,FALSE
stone,2,0,0,0,0,2,0,0,0,0,0,0,0,0,,FALSE
level,2,0,0,0,0,1,0,0,0,1,0,0,0,0,,FALSE
slope,2,0,0,0,0,1,0,0,0,1,0,0,0,0,,FALSE
awaits,2,0,0,0,0,0,2,0,0,0,0,0,0,0,,FALSE
fresh,2,0,0,0,0,0,2,0,0,0,0,0,0,0,,FALSE
inflicting,2,0,0,0,0,0,1,0,1,0,0,0,0,0,,FALSE
damage,2,0,0,0,0,0,1,0,1,0,0,0,0,0,,FALSE
draw,2,0,0,0,0,0,1,0,0,1,0,0,0,0,,FALSE
defend,2,0,0,0,0,0,2,0,0,0,0,0,0,0,,FALSE
distress,2,0,0,0,0,0,1,0,0,1,0,0,0,0,,FALSE
marches,2,0,0,0,0,0,1,1,0,0,0,0,0,0,,FALSE
divine,2,0,0,0,0,0,1,0,0,0,0,0,0,1,,FALSE
learn,2,0,0,0,0,0,2,0,0,0,0,0,0,0,,FALSE
invisible,2,0,0,0,0,0,2,0,0,0,0,0,0,0,,FALSE
retire,2,0,0,0,0,0,1,0,0,0,0,1,0,0,,FALSE
safe,2,0,0,0,0,0,2,0,0,0,0,0,0,0,,FALSE
movements,2,0,0,0,0,0,1,0,0,0,0,0,1,0,,FALSE
relieve,2,0,0,0,0,0,2,0,0,0,0,0,0,0,,FALSE
encampment,2,0,0,0,0,0,1,0,0,1,0,0,0,0,,FALSE
throw,2,0,0,0,0,0,1,0,0,0,0,1,0,0,,FALSE
concentrated,2,0,0,0,0,0,1,1,0,0,0,0,0,0,,FALSE
divided,2,0,0,0,0,0,1,1,0,0,0,0,0,0,,FALSE
parts,2,0,0,0,0,0,1,0,0,0,0,1,0,0,,FALSE
dire,2,0,0,0,0,0,1,0,0,1,0,0,0,0,,FALSE
spot,2,0,0,0,0,0,1,0,0,1,0,0,0,0,,FALSE
prepare,2,0,0,0,0,0,2,0,0,0,0,0,0,0,,FALSE
directions,2,0,0,0,0,0,1,0,0,1,0,0,0,0,,FALSE
given,2,0,0,0,0,0,1,0,1,0,0,0,0,0,,FALSE
reinforcements,2,0,0,0,0,0,1,0,0,1,0,0,0,0,,FALSE
everywhere,2,0,0,0,0,0,2,0,0,0,0,0,0,0,,FALSE
numerical,2,0,0,0,0,0,2,0,0,0,0,0,0,0,,FALSE
preparations,2,0,0,0,0,0,1,0,0,1,0,0,0,0,,FALSE
wing,2,0,0,0,0,0,1,0,0,0,0,0,1,0,,FALSE
impotent,2,0,0,0,0,0,2,0,0,0,0,0,0,0,,FALSE
succor,2,0,0,0,0,0,2,0,0,0,0,0,0,0,,FALSE
estimate,2,0,0,0,0,0,1,0,0,0,1,0,0,0,,FALSE
yueh,2,0,0,0,0,0,1,0,0,0,0,1,0,0,,FALSE
say,2,0,0,0,0,0,1,0,0,0,0,1,0,0,,FALSE
discover,2,0,0,0,0,0,1,0,0,0,0,0,0,1,,FALSE
likelihood,2,0,0,0,0,0,1,0,1,0,0,0,0,0,,FALSE
find,2,0,0,0,0,0,1,0,0,0,0,1,0,0,,FALSE
conceal,2,0,0,0,0,0,2,0,0,0,0,0,0,0,,FALSE
multitude,2,0,0,0,0,0,1,1,0,0,0,0,0,0,,FALSE
whereby,2,0,0,0,0,0,1,1,0,0,0,0,0,0,,FALSE
relation,2,0,0,0,0,0,2,0,0,0,0,0,0,0,,FALSE
thereby,2,0,0,0,0,0,1,0,0,0,0,0,0,1,,FALSE
elements,2,0,0,0,0,0,1,1,0,0,0,0,0,0,,FALSE
short,2,0,0,0,0,0,1,0,0,0,0,1,0,0,,FALSE
receives,2,0,0,0,0,0,0,1,1,0,0,0,0,0,,FALSE
circuitous,2,0,0,0,0,0,0,1,0,0,0,1,0,0,,FALSE
enticing,2,0,0,0,0,0,0,1,0,0,1,0,0,0,,FALSE
starting,2,0,0,0,0,0,0,1,0,0,0,0,1,0,,FALSE
contrive,2,0,0,0,0,0,0,1,0,0,0,1,0,0,,FALSE
artifice,2,0,0,0,0,0,0,2,0,0,0,0,0,0,,FALSE
deviation,2,0,0,0,0,0,0,2,0,0,0,0,0,0,,FALSE
set,2,0,0,0,0,0,0,1,0,0,0,1,0,0,,FALSE
fully,2,0,0,0,0,0,0,1,0,0,1,0,0,0,,FALSE
late,2,0,0,0,0,0,0,1,0,0,0,1,0,0,,FALSE
column,2,0,0,0,0,0,0,1,0,1,0,0,0,0,,FALSE
baggage,2,0,0,0,0,0,0,1,0,0,0,0,1,0,,FALSE
stores,2,0,0,0,0,0,0,1,0,0,0,0,1,0,,FALSE
doing,2,0,0,0,0,0,0,1,0,0,0,0,0,1,,FALSE
leaders,2,0,0,0,0,0,0,1,0,0,0,1,0,0,,FALSE
divisions,2,0,0,0,0,0,0,1,0,0,0,1,0,0,,FALSE
half,2,0,0,0,0,0,0,1,0,1,0,0,0,0,,FALSE
supply,2,0,0,0,0,0,0,1,0,0,0,1,0,0,,FALSE
enter,2,0,0,0,0,0,0,1,0,0,0,1,0,0,,FALSE
alliances,2,0,0,0,0,0,0,1,0,0,0,1,0,0,,FALSE
fit,2,0,0,0,0,0,0,1,0,0,0,1,0,0,,FALSE
pitfalls,2,0,0,0,0,0,0,1,0,0,0,1,0,0,,FALSE
precipices,2,0,0,0,0,0,0,1,0,0,0,1,0,0,,FALSE
swamps,2,0,0,0,0,0,0,1,0,0,0,1,0,0,,FALSE
guides,2,0,0,0,0,0,0,1,0,0,0,1,0,0,,FALSE
practice,2,0,0,0,0,0,0,1,0,0,1,0,0,0,,FALSE
decided,2,0,0,0,0,0,0,1,0,0,0,0,0,1,,FALSE
forest,2,0,0,0,0,0,0,1,0,1,0,0,0,0,,FALSE
dark,2,0,0,0,0,0,0,1,0,1,0,0,0,0,,FALSE
plunder,2,0,0,0,0,0,0,1,0,0,0,1,0,0,,FALSE
benefit,2,0,0,0,0,0,0,1,0,1,0,0,0,0,,FALSE
institution,2,0,0,0,0,0,0,2,0,0,0,0,0,0,,FALSE
gongs,2,0,0,0,0,0,0,2,0,0,0,0,0,0,,FALSE
ears,2,0,0,0,0,0,0,2,0,0,0,0,0,0,,FALSE
forming,2,0,0,0,0,0,0,1,0,1,0,0,0,0,,FALSE
alone,2,0,0,0,0,0,0,2,0,0,0,0,0,0,,FALSE
returning,2,0,0,0,0,0,0,2,0,0,0,0,0,0,,FALSE
keen,2,0,0,0,0,0,0,2,0,0,0,0,0,0,,FALSE
studying,2,0,0,0,0,0,0,2,0,0,0,0,0,0,,FALSE
calm,2,0,0,0,0,0,0,2,0,0,0,0,0,0,,FALSE
await,2,0,0,0,0,0,0,1,0,0,1,0,0,0,,FALSE
appearance,2,0,0,0,0,0,0,1,0,1,0,0,0,0,,FALSE
refrain,2,0,0,0,0,0,0,2,0,0,0,0,0,0,,FALSE
oppose,2,0,0,0,0,0,0,1,0,0,0,1,0,0,,FALSE
leave,2,0,0,0,0,0,0,1,0,0,0,1,0,0,,FALSE
free,2,0,0,0,0,0,0,1,0,1,0,0,0,0,,FALSE
variation,2,0,0,0,0,0,0,0,2,0,0,0,0,0,,FALSE
join,2,0,0,0,0,0,0,0,1,0,0,1,0,0,,FALSE
situations,2,0,0,0,0,0,0,0,1,0,0,1,0,0,,FALSE
resort,2,0,0,0,0,0,0,0,1,0,0,1,0,0,,FALSE
obeyed,2,0,0,0,0,0,0,0,1,1,0,0,0,0,,FALSE
disadvantage,2,0,0,0,0,0,0,0,1,0,1,0,0,0,,FALSE
essential,2,0,0,0,0,0,0,0,1,0,0,0,0,1,,FALSE
part,2,0,0,0,0,0,0,0,1,0,1,0,0,0,,FALSE
midst,2,0,0,0,0,0,0,0,1,1,0,0,0,0,,FALSE
difficulties,2,0,0,0,0,0,0,0,1,0,1,0,0,0,,FALSE
constantly,2,0,0,0,0,0,0,0,1,0,0,1,0,0,,FALSE
readiness,2,0,0,0,0,0,0,0,1,0,0,0,1,0,,FALSE
rather,2,0,0,0,0,0,0,0,1,0,1,0,0,0,,FALSE
leads,2,0,0,0,0,0,0,0,2,0,0,0,0,0,,FALSE
destruction,2,0,0,0,0,0,0,0,1,0,0,1,0,0,,FALSE
surely,2,0,0,0,0,0,0,0,1,0,1,0,0,0,,FALSE
found,2,0,0,0,0,0,0,0,1,0,0,1,0,0,,FALSE
encamping,2,0,0,0,0,0,0,0,0,2,0,0,0,0,,FALSE
quickly,2,0,0,0,0,0,0,0,0,2,0,0,0,0,,FALSE
valleys,2,0,0,0,0,0,0,0,0,1,1,0,0,0,,FALSE
across,2,0,0,0,0,0,0,0,0,1,0,1,0,0,,FALSE
anxious,2,0,0,0,0,0,0,0,0,2,0,0,0,0,,FALSE
higher,2,0,0,0,0,0,0,0,0,1,1,0,0,0,,FALSE
delay,2,0,0,0,0,0,0,0,0,1,0,1,0,0,,FALSE
trees,2,0,0,0,0,0,0,0,0,2,0,0,0,0,,FALSE
dry,2,0,0,0,0,0,0,0,0,1,0,0,1,0,,FALSE
branches,2,0,0,0,0,0,0,0,0,2,0,0,0,0,,FALSE
prefer,2,0,0,0,0,0,0,0,0,1,0,1,0,0,,FALSE
low,2,0,0,0,0,0,0,0,0,2,0,0,0,0,,FALSE
careful,2,0,0,0,0,0,0,0,0,1,1,0,0,0,,FALSE
kind,2,0,0,0,0,0,0,0,0,1,0,0,0,1,,FALSE
surrounded,2,0,0,0,0,0,0,0,0,1,0,1,0,0,,FALSE
thick,2,0,0,0,0,0,0,0,0,2,0,0,0,0,,FALSE
tries,2,0,0,0,0,0,0,0,0,1,0,0,1,0,,FALSE
provoke,2,0,0,0,0,0,0,0,0,1,1,0,0,0,,FALSE
easy,2,0,0,0,0,0,0,0,0,1,1,0,0,0,,FALSE
movement,2,0,0,0,0,0,0,0,0,1,0,1,0,0,,FALSE
birds,2,0,0,0,0,0,0,0,0,2,0,0,0,0,,FALSE
indicate,2,0,0,0,0,0,0,0,0,2,0,0,0,0,,FALSE
betokens,2,0,0,0,0,0,0,0,0,2,0,0,0,0,,FALSE
signify,2,0,0,0,0,0,0,0,0,2,0,0,0,0,,FALSE
driving,2,0,0,0,0,0,0,0,0,1,0,1,0,0,,FALSE
light,2,0,0,0,0,0,0,0,0,2,0,0,0,0,,FALSE
gather,2,0,0,0,0,0,0,0,0,1,0,1,0,0,,FALSE
angry,2,0,0,0,0,0,0,0,0,1,1,0,0,0,,FALSE
cooking-pots,2,0,0,0,0,0,0,0,0,1,0,1,0,0,,FALSE
punishments,2,0,0,0,0,0,0,0,0,2,0,0,0,0,,FALSE
off,2,0,0,0,0,0,0,0,0,1,0,1,0,0,,FALSE
watch,2,0,0,0,0,0,0,0,0,1,0,0,1,0,,FALSE
attached,2,0,0,0,0,0,0,0,0,2,0,0,0,0,,FALSE
submissive,2,0,0,0,0,0,0,0,0,2,0,0,0,0,,FALSE
bad,2,0,0,0,0,0,0,0,0,1,0,1,0,0,,FALSE
terrain,2,0,0,0,0,0,0,0,0,0,2,0,0,0,,FALSE
kinds,2,0,0,0,0,0,0,0,0,0,1,0,0,1,,FALSE
entangling,2,0,0,0,0,0,0,0,0,0,2,0,0,0,,FALSE
temporizing,2,0,0,0,0,0,0,0,0,0,2,0,0,0,,FALSE
sides,2,0,0,0,0,0,0,0,0,0,1,1,0,0,,FALSE
occupying,2,0,0,0,0,0,0,0,0,0,2,0,0,0,,FALSE
raised,2,0,0,0,0,0,0,0,0,0,2,0,0,0,,FALSE
sort,2,0,0,0,0,0,0,0,0,0,2,0,0,0,,FALSE
forestall,2,0,0,0,0,0,0,0,0,0,1,1,0,0,,FALSE
connected,2,0,0,0,0,0,0,0,0,0,1,0,1,0,,FALSE
attained,2,0,0,0,0,0,0,0,0,0,2,0,0,0,,FALSE
post,2,0,0,0,0,0,0,0,0,0,2,0,0,0,,FALSE
study,2,0,0,0,0,0,0,0,0,0,1,1,0,0,,FALSE
insubordination,2,0,0,0,0,0,0,0,0,0,2,0,0,0,,FALSE
collapse,2,0,0,0,0,0,0,0,0,0,2,0,0,0,,FALSE
disorganization,2,0,0,0,0,0,0,0,0,0,2,0,0,0,,FALSE
rout,2,0,0,0,0,0,0,0,0,0,2,0,0,0,,FALSE
tell,2,0,0,0,0,0,0,0,0,0,1,1,0,0,,FALSE
powerful,2,0,0,0,0,0,0,0,0,0,1,1,0,0,,FALSE
ally,2,0,0,0,0,0,0,0,0,0,1,1,0,0,,FALSE
service,2,0,0,0,0,0,0,0,0,0,1,0,0,1,,FALSE
children,2,0,0,0,0,0,0,0,0,0,2,0,0,0,,FALSE
penetrated,2,0,0,0,0,0,0,0,0,0,0,2,0,0,,FALSE
states,2,0,0,0,0,0,0,0,0,0,0,2,0,0,,FALSE
reached,2,0,0,0,0,0,0,0,0,0,0,1,1,0,,FALSE
managed,2,0,0,0,0,0,0,0,0,0,0,1,0,1,,FALSE
marching,2,0,0,0,0,0,0,0,0,0,0,1,0,1,,FALSE
seizing,2,0,0,0,0,0,0,0,0,0,0,2,0,0,,FALSE
holds,2,0,0,0,0,0,0,0,0,0,0,2,0,0,,FALSE
dear,2,0,0,0,0,0,0,0,0,0,0,2,0,0,,FALSE
routes,2,0,0,0,0,0,0,0,0,0,0,2,0,0,,FALSE
following,2,0,0,0,0,0,0,0,0,0,0,2,0,0,,FALSE
refuge,2,0,0,0,0,0,0,0,0,0,0,2,0,0,,FALSE
waiting,2,0,0,0,0,0,0,0,0,0,0,2,0,0,,FALSE
run,2,0,0,0,0,0,0,0,0,0,0,2,0,0,,FALSE
storm,2,0,0,0,0,0,0,0,0,0,0,1,0,1,,FALSE
FALSE,2,0,0,0,0,0,0,0,0,0,0,1,0,1,,FALSE
reports,2,0,0,0,0,0,0,0,0,0,0,1,0,1,,FALSE
arrangements,2,0,0,0,0,0,0,0,0,0,0,2,0,0,,FALSE
carries,2,0,0,0,0,0,0,0,0,0,0,2,0,0,,FALSE
breaks,2,0,0,0,0,0,0,0,0,0,0,1,1,0,,FALSE
penetrating,2,0,0,0,0,0,0,0,0,0,0,2,0,0,,FALSE
deeply,2,0,0,0,0,0,0,0,0,0,0,2,0,0,,FALSE
fallen,2,0,0,0,0,0,0,0,0,0,0,2,0,0,,FALSE
warlike,2,0,0,0,0,0,0,0,0,0,0,2,0,0,,FALSE
prince,2,0,0,0,0,0,0,0,0,0,0,2,0,0,,FALSE
season,2,0,0,0,0,0,0,0,0,0,0,0,2,0,,FALSE
special,2,0,0,0,0,0,0,0,0,0,0,0,2,0,,FALSE
developments,2,0,0,0,0,0,0,0,0,0,0,0,2,0,,FALSE
stay,2,0,0,0,0,0,0,0,0,0,0,0,2,0,,FALSE
aid,2,0,0,0,0,0,0,0,0,0,0,0,2,0,,FALSE
foreknowledge,2,0,0,0,0,0,0,0,0,0,0,0,0,2,,FALSE
obtained,2,0,0,0,0,0,0,0,0,0,0,0,0,2,,FALSE
news,2,0,0,0,0,0,0,0,0,0,0,0,0,2,,FALSE
spying,2,0,0,0,0,0,0,0,0,0,0,0,0,2,,FALSE
yin,2,0,0,0,0,0,0,0,0,0,0,0,0,2,,FALSE
dynasty,2,0,0,0,0,0,0,0,0,0,0,0,0,2,,FALSE
due,2,0,0,0,0,0,0,0,0,0,0,0,0,2,,FALSE
served,2,0,0,0,0,0,0,0,0,0,0,0,0,2,,FALSE
vital,1,1,0,0,0,0,0,0,0,0,0,0,0,0,,FALSE
importance,1,1,0,0,0,0,0,0,0,0,0,0,0,0,,FALSE
inquiry,1,1,0,0,0,0,0,0,0,0,0,0,0,0,,FALSE
neglected,1,1,0,0,0,0,0,0,0,0,0,0,0,0,,FALSE
governed,1,1,0,0,0,0,0,0,0,0,0,0,0,0,,FALSE
factors,1,1,0,0,0,0,0,0,0,0,0,0,0,0,,FALSE
obtaining,1,1,0,0,0,0,0,0,0,0,0,0,0,0,,FALSE
regardless,1,1,0,0,0,0,0,0,0,0,0,0,0,0,,FALSE
undismayed,1,1,0,0,0,0,0,0,0,0,0,0,0,0,,FALSE
signifies,1,1,0,0,0,0,0,0,0,0,0,0,0,0,,FALSE
cold,1,1,0,0,0,0,0,0,0,0,0,0,0,0,,FALSE
heat,1,1,0,0,0,0,0,0,0,0,0,0,0,0,,FALSE
comprises,1,1,0,0,0,0,0,0,0,0,0,0,0,0,,FALSE
stands,1,1,0,0,0,0,0,0,0,0,0,0,0,0,,FALSE
virtues,1,1,0,0,0,0,0,0,0,0,0,0,0,0,,FALSE
sincerity,1,1,0,0,0,0,0,0,0,0,0,0,0,0,,FALSE
strictness,1,1,0,0,0,0,0,0,0,0,0,0,0,0,,FALSE
understood,1,1,0,0,0,0,0,0,0,0,0,0,0,0,,FALSE
marshaling,1,1,0,0,0,0,0,0,0,0,0,0,0,0,,FALSE
subdivisions,1,1,0,0,0,0,0,0,0,0,0,0,0,0,,FALSE
graduations,1,1,0,0,0,0,0,0,0,0,0,0,0,0,,FALSE
maintenance,1,1,0,0,0,0,0,0,0,0,0,0,0,0,,FALSE
heads,1,1,0,0,0,0,0,0,0,0,0,0,0,0,,FALSE
basis,1,1,0,0,0,0,0,0,0,0,0,0,0,0,,FALSE
comparison,1,1,0,0,0,0,0,0,0,0,0,0,0,0,,FALSE
imbued,1,1,0,0,0,0,0,0,0,0,0,0,0,0,,FALSE
generals,1,1,0,0,0,0,0,0,0,0,0,0,0,0,,FALSE
rigorously,1,1,0,0,0,0,0,0,0,0,0,0,0,0,,FALSE
highly,1,1,0,0,0,0,0,0,0,0,0,0,0,0,,FALSE
trained,1,1,0,0,0,0,0,0,0,0,0,0,0,0,,FALSE
constancy,1,1,0,0,0,0,0,0,0,0,0,0,0,0,,FALSE
reward,1,1,0,0,0,0,0,0,0,0,0,0,0,0,,FALSE
punishment,1,1,0,0,0,0,0,0,0,0,0,0,0,0,,FALSE
forecast,1,1,0,0,0,0,0,0,0,0,0,0,0,0,,FALSE
retained,1,1,0,0,0,0,0,0,0,0,0,0,0,0,,FALSE
dismissed,1,1,0,0,0,0,0,0,0,0,0,0,0,0,,FALSE
heading,1,1,0,0,0,0,0,0,0,0,0,0,0,0,,FALSE
profit,1,1,0,0,0,0,0,0,0,0,0,0,0,0,,FALSE
avail,1,1,0,0,0,0,0,0,0,0,0,0,0,0,,FALSE
helpful,1,1,0,0,0,0,0,0,0,0,0,0,0,0,,FALSE
rules,1,1,0,0,0,0,0,0,0,0,0,0,0,0,,FALSE
based,1,1,0,0,0,0,0,0,0,0,0,0,0,0,,FALSE
inactive,1,1,0,0,0,0,0,0,0,0,0,0,0,0,,FALSE
feign,1,1,0,0,0,0,0,0,0,0,0,0,0,0,,FALSE
evade,1,1,0,0,0,0,0,0,0,0,0,0,0,0,,FALSE
choleric,1,1,0,0,0,0,0,0,0,0,0,0,0,0,,FALSE
seek,1,1,0,0,0,0,0,0,0,0,0,0,0,0,,FALSE
irritate,1,1,0,0,0,0,0,0,0,0,0,0,0,0,,FALSE
pretend,1,1,0,0,0,0,0,0,0,0,0,0,0,0,,FALSE
arrogant,1,1,0,0,0,0,0,0,0,0,0,0,0,0,,FALSE
rest,1,1,0,0,0,0,0,0,0,0,0,0,0,0,,FALSE
devices,1,1,0,0,0,0,0,0,0,0,0,0,0,0,,FALSE
temple,1,1,0,0,0,0,0,0,0,0,0,0,0,0,,FALSE
ere,1,1,0,0,0,0,0,0,0,0,0,0,0,0,,FALSE
fought,1,1,0,0,0,0,0,0,0,0,0,0,0,0,,FALSE
loses,1,1,0,0,0,0,0,0,0,0,0,0,0,0,,FALSE
attention,1,1,0,0,0,0,0,0,0,0,0,0,0,0,,FALSE
foresee,1,1,0,0,0,0,0,0,0,0,0,0,0,0,,FALSE
ii,1,0,1,0,0,0,0,0,0,0,0,0,0,0,,FALSE
waging,1,0,1,0,0,0,0,0,0,0,0,0,0,0,,FALSE
swift,1,0,1,0,0,0,0,0,0,0,0,0,0,0,,FALSE
mail-clad,1,0,1,0,0,0,0,0,0,0,0,0,0,0,,FALSE
including,1,0,1,0,0,0,0,0,0,0,0,0,0,0,,FALSE
entertainment,1,0,1,0,0,0,0,0,0,0,0,0,0,0,,FALSE
guests,1,0,1,0,0,0,0,0,0,0,0,0,0,0,,FALSE
items,1,0,1,0,0,0,0,0,0,0,0,0,0,0,,FALSE
glue,1,0,1,0,0,0,0,0,0,0,0,0,0,0,,FALSE
paint,1,0,1,0,0,0,0,0,0,0,0,0,0,0,,FALSE
sums,1,0,1,0,0,0,0,0,0,0,0,0,0,0,,FALSE
armor,1,0,1,0,0,0,0,0,0,0,0,0,0,0,,FALSE
per,1,0,1,0,0,0,0,0,0,0,0,0,0,0,,FALSE
cost,1,0,1,0,0,0,0,0,0,0,0,0,0,0,,FALSE
actual,1,0,1,0,0,0,0,0,0,0,0,0,0,0,,FALSE
dull,1,0,1,0,0,0,0,0,0,0,0,0,0,0,,FALSE
lay,1,0,1,0,0,0,0,0,0,0,0,0,0,0,,FALSE
campaign,1,0,1,0,0,0,0,0,0,0,0,0,0,0,,FALSE
protracted,1,0,1,0,0,0,0,0,0,0,0,0,0,0,,FALSE
strain,1,0,1,0,0,0,0,0,0,0,0,0,0,0,,FALSE
dulled,1,0,1,0,0,0,0,0,0,0,0,0,0,0,,FALSE
treasure,1,0,1,0,0,0,0,0,0,0,0,0,0,0,,FALSE
chieftains,1,0,1,0,0,0,0,0,0,0,0,0,0,0,,FALSE
spring,1,0,1,0,0,0,0,0,0,0,0,0,0,0,,FALSE
extremity,1,0,1,0,0,0,0,0,0,0,0,0,0,0,,FALSE
avert,1,0,1,0,0,0,0,0,0,0,0,0,0,0,,FALSE
consequences,1,0,1,0,0,0,0,0,0,0,0,0,0,0,,FALSE
stupid,1,0,1,0,0,0,0,0,0,0,0,0,0,0,,FALSE
haste,1,0,1,0,0,0,0,0,0,0,0,0,0,0,,FALSE
cleverness,1,0,1,0,0,0,0,0,0,0,0,0,0,0,,FALSE
associated,1,0,1,0,0,0,0,0,0,0,0,0,0,0,,FALSE
delays,1,0,1,0,0,0,0,0,0,0,0,0,0,0,,FALSE
benefited,1,0,1,0,0,0,0,0,0,0,0,0,0,0,,FALSE
prolonged,1,0,1,0,0,0,0,0,0,0,0,0,0,0,,FALSE
evils,1,0,1,0,0,0,0,0,0,0,0,0,0,0,,FALSE
profitable,1,0,1,0,0,0,0,0,0,0,0,0,0,0,,FALSE
carrying,1,0,1,0,0,0,0,0,0,0,0,0,0,0,,FALSE
raise,1,0,1,0,0,0,0,0,0,0,0,0,0,0,,FALSE
levy,1,0,1,0,0,0,0,0,0,0,0,0,0,0,,FALSE
supply-wagons,1,0,1,0,0,0,0,0,0,0,0,0,0,0,,FALSE
loaded,1,0,1,0,0,0,0,0,0,0,0,0,0,0,,FALSE
forage,1,0,1,0,0,0,0,0,0,0,0,0,0,0,,FALSE
needs,1,0,1,0,0,0,0,0,0,0,0,0,0,0,,FALSE
poverty,1,0,1,0,0,0,0,0,0,0,0,0,0,0,,FALSE
exchequer,1,0,1,0,0,0,0,0,0,0,0,0,0,0,,FALSE
contributions,1,0,1,0,0,0,0,0,0,0,0,0,0,0,,FALSE
contributing,1,0,1,0,0,0,0,0,0,0,0,0,0,0,,FALSE
impoverished,1,0,1,0,0,0,0,0,0,0,0,0,0,0,,FALSE
proximity,1,0,1,0,0,0,0,0,0,0,0,0,0,0,,FALSE
peasantry,1,0,1,0,0,0,0,0,0,0,0,0,0,0,,FALSE
afflicted,1,0,1,0,0,0,0,0,0,0,0,0,0,0,,FALSE
exactions,1,0,1,0,0,0,0,0,0,0,0,0,0,0,,FALSE
exhaustion,1,0,1,0,0,0,0,0,0,0,0,0,0,0,,FALSE
homes,1,0,1,0,0,0,0,0,0,0,0,0,0,0,,FALSE
stripped,1,0,1,0,0,0,0,0,0,0,0,0,0,0,,FALSE
bare,1,0,1,0,0,0,0,0,0,0,0,0,0,0,,FALSE
three-tenths,1,0,1,0,0,0,0,0,0,0,0,0,0,0,,FALSE
income,1,0,1,0,0,0,0,0,0,0,0,0,0,0,,FALSE
dissipated,1,0,1,0,0,0,0,0,0,0,0,0,0,0,,FALSE
government,1,0,1,0,0,0,0,0,0,0,0,0,0,0,,FALSE
expenses,1,0,1,0,0,0,0,0,0,0,0,0,0,0,,FALSE
worn-out,1,0,1,0,0,0,0,0,0,0,0,0,0,0,,FALSE
breast-plates,1,0,1,0,0,0,0,0,0,0,0,0,0,0,,FALSE
helmets,1,0,1,0,0,0,0,0,0,0,0,0,0,0,,FALSE
bows,1,0,1,0,0,0,0,0,0,0,0,0,0,0,,FALSE
arrows,1,0,1,0,0,0,0,0,0,0,0,0,0,0,,FALSE
shields,1,0,1,0,0,0,0,0,0,0,0,0,0,0,,FALSE
protective,1,0,1,0,0,0,0,0,0,0,0,0,0,0,,FALSE
mantles,1,0,1,0,0,0,0,0,0,0,0,0,0,0,,FALSE
draught-oxen,1,0,1,0,0,0,0,0,0,0,0,0,0,0,,FALSE
wagons,1,0,1,0,0,0,0,0,0,0,0,0,0,0,,FALSE
four-tenths,1,0,1,0,0,0,0,0,0,0,0,0,0,0,,FALSE
revenue,1,0,1,0,0,0,0,0,0,0,0,0,0,0,,FALSE
foraging,1,0,1,0,0,0,0,0,0,0,0,0,0,0,,FALSE
cartload,1,0,1,0,0,0,0,0,0,0,0,0,0,0,,FALSE
picul,1,0,1,0,0,0,0,0,0,0,0,0,0,0,,FALSE
provender,1,0,1,0,0,0,0,0,0,0,0,0,0,0,,FALSE
store,1,0,1,0,0,0,0,0,0,0,0,0,0,0,,FALSE
kill,1,0,1,0,0,0,0,0,0,0,0,0,0,0,,FALSE
roused,1,0,1,0,0,0,0,0,0,0,0,0,0,0,,FALSE
took,1,0,1,0,0,0,0,0,0,0,0,0,0,0,,FALSE
substituted,1,0,1,0,0,0,0,0,0,0,0,0,0,0,,FALSE
mingled,1,0,1,0,0,0,0,0,0,0,0,0,0,0,,FALSE
conjunction,1,0,1,0,0,0,0,0,0,0,0,0,0,0,,FALSE
kindly,1,0,1,0,0,0,0,0,0,0,0,0,0,0,,FALSE
conquered,1,0,1,0,0,0,0,0,0,0,0,0,0,0,,FALSE
augment,1,0,1,0,0,0,0,0,0,0,0,0,0,0,,FALSE
campaigns,1,0,1,0,0,0,0,0,0,0,0,0,0,0,,FALSE
arbiter,1,0,1,0,0,0,0,0,0,0,0,0,0,0,,FALSE
nation,1,0,1,0,0,0,0,0,0,0,0,0,0,0,,FALSE
iii,1,0,0,1,0,0,0,0,0,0,0,0,0,0,,FALSE
shatter,1,0,0,1,0,0,0,0,0,0,0,0,0,0,,FALSE
better,1,0,0,1,0,0,0,0,0,0,0,0,0,0,,FALSE
recapture,1,0,0,1,0,0,0,0,0,0,0,0,0,0,,FALSE
regiment,1,0,0,1,0,0,0,0,0,0,0,0,0,0,,FALSE
company,1,0,0,1,0,0,0,0,0,0,0,0,0,0,,FALSE
breaking,1,0,0,1,0,0,0,0,0,0,0,0,0,0,,FALSE
balk,1,0,0,1,0,0,0,0,0,0,0,0,0,0,,FALSE
junction,1,0,0,1,0,0,0,0,0,0,0,0,0,0,,FALSE
worst,1,0,0,1,0,0,0,0,0,0,0,0,0,0,,FALSE
policy,1,0,0,1,0,0,0,0,0,0,0,0,0,0,,FALSE
possibly,1,0,0,1,0,0,0,0,0,0,0,0,0,0,,FALSE
avoided,1,0,0,1,0,0,0,0,0,0,0,0,0,0,,FALSE
preparation,1,0,0,1,0,0,0,0,0,0,0,0,0,0,,FALSE
mantlets,1,0,0,1,0,0,0,0,0,0,0,0,0,0,,FALSE
movable,1,0,0,1,0,0,0,0,0,0,0,0,0,0,,FALSE
shelters,1,0,0,1,0,0,0,0,0,0,0,0,0,0,,FALSE
various,1,0,0,1,0,0,0,0,0,0,0,0,0,0,,FALSE
implements,1,0,0,1,0,0,0,0,0,0,0,0,0,0,,FALSE
piling,1,0,0,1,0,0,0,0,0,0,0,0,0,0,,FALSE
mounds,1,0,0,1,0,0,0,0,0,0,0,0,0,0,,FALSE
walls,1,0,0,1,0,0,0,0,0,0,0,0,0,0,,FALSE
irritation,1,0,0,1,0,0,0,0,0,0,0,0,0,0,,FALSE
launch,1,0,0,1,0,0,0,0,0,0,0,0,0,0,,FALSE
swarming,1,0,0,1,0,0,0,0,0,0,0,0,0,0,,FALSE
ants,1,0,0,1,0,0,0,0,0,0,0,0,0,0,,FALSE
one-third,1,0,0,1,0,0,0,0,0,0,0,0,0,0,,FALSE
untaken,1,0,0,1,0,0,0,0,0,0,0,0,0,0,,FALSE
disastrous,1,0,0,1,0,0,0,0,0,0,0,0,0,0,,FALSE
effects,1,0,0,1,0,0,0,0,0,0,0,0,0,0,,FALSE
subdues,1,0,0,1,0,0,0,0,0,0,0,0,0,0,,FALSE
captures,1,0,0,1,0,0,0,0,0,0,0,0,0,0,,FALSE
overthrows,1,0,0,1,0,0,0,0,0,0,0,0,0,0,,FALSE
dispute,1,0,0,1,0,0,0,0,0,0,0,0,0,0,,FALSE
mastery,1,0,0,1,0,0,0,0,0,0,0,0,0,0,,FALSE
losing,1,0,0,1,0,0,0,0,0,0,0,0,0,0,,FALSE
triumph,1,0,0,1,0,0,0,0,0,0,0,0,0,0,,FALSE
numerous,1,0,0,1,0,0,0,0,0,0,0,0,0,0,,FALSE
matched,1,0,0,1,0,0,0,0,0,0,0,0,0,0,,FALSE
slightly,1,0,0,1,0,0,0,0,0,0,0,0,0,0,,FALSE
quite,1,0,0,1,0,0,0,0,0,0,0,0,0,0,,FALSE
unequal,1,0,0,1,0,0,0,0,0,0,0,0,0,0,,FALSE
flee,1,0,0,1,0,0,0,0,0,0,0,0,0,0,,FALSE
defective,1,0,0,1,0,0,0,0,0,0,0,0,0,0,,FALSE
commanding,1,0,0,1,0,0,0,0,0,0,0,0,0,0,,FALSE
hobbling,1,0,0,1,0,0,0,0,0,0,0,0,0,0,,FALSE
attempting,1,0,0,1,0,0,0,0,0,0,0,0,0,0,,FALSE
govern,1,0,0,1,0,0,0,0,0,0,0,0,0,0,,FALSE
administers,1,0,0,1,0,0,0,0,0,0,0,0,0,0,,FALSE
restlessness,1,0,0,1,0,0,0,0,0,0,0,0,0,0,,FALSE
minds,1,0,0,1,0,0,0,0,0,0,0,0,0,0,,FALSE
discrimination,1,0,0,1,0,0,0,0,0,0,0,0,0,0,,FALSE
adaptation,1,0,0,1,0,0,0,0,0,0,0,0,0,0,,FALSE
shakes,1,0,0,1,0,0,0,0,0,0,0,0,0,0,,FALSE
restless,1,0,0,1,0,0,0,0,0,0,0,0,0,0,,FALSE
distrustful,1,0,0,1,0,0,0,0,0,0,0,0,0,0,,FALSE
feudal,1,0,0,1,0,0,0,0,0,0,0,0,0,0,,FALSE
bringing,1,0,0,1,0,0,0,0,0,0,0,0,0,0,,FALSE
anarchy,1,0,0,1,0,0,0,0,0,0,0,0,0,0,,FALSE
flinging,1,0,0,1,0,0,0,0,0,0,0,0,0,0,,FALSE
essentials,1,0,0,1,0,0,0,0,0,0,0,0,0,0,,FALSE
animated,1,0,0,1,0,0,0,0,0,0,0,0,0,0,,FALSE
throughout,1,0,0,1,0,0,0,0,0,0,0,0,0,0,,FALSE
waits,1,0,0,1,0,0,0,0,0,0,0,0,0,0,,FALSE
capacity,1,0,0,1,0,0,0,0,0,0,0,0,0,0,,FALSE
interfered,1,0,0,1,0,0,0,0,0,0,0,0,0,0,,FALSE
succumb,1,0,0,1,0,0,0,0,0,0,0,0,0,0,,FALSE
iv,1,0,0,0,1,0,0,0,0,0,0,0,0,0,,FALSE
fighters,1,0,0,0,1,0,0,0,0,0,0,0,0,0,,FALSE
possibility,1,0,0,0,1,0,0,0,0,0,0,0,0,0,,FALSE
waited,1,0,0,0,1,0,0,0,0,0,0,0,0,0,,FALSE
provided,1,0,0,0,1,0,0,0,0,0,0,0,0,0,,FALSE
implies,1,0,0,0,1,0,0,0,0,0,0,0,0,0,,FALSE
offensive,1,0,0,0,1,0,0,0,0,0,0,0,0,0,,FALSE
standing,1,0,0,0,1,0,0,0,0,0,0,0,0,0,,FALSE
indicates,1,0,0,0,1,0,0,0,0,0,0,0,0,0,,FALSE
insufficient,1,0,0,0,1,0,0,0,0,0,0,0,0,0,,FALSE
superabundance,1,0,0,0,1,0,0,0,0,0,0,0,0,0,,FALSE
hides,1,0,0,0,1,0,0,0,0,0,0,0,0,0,,FALSE
recesses,1,0,0,0,1,0,0,0,0,0,0,0,0,0,,FALSE
flashes,1,0,0,0,1,0,0,0,0,0,0,0,0,0,,FALSE
topmost,1,0,0,0,1,0,0,0,0,0,0,0,0,0,,FALSE
ken,1,0,0,0,1,0,0,0,0,0,0,0,0,0,,FALSE
herd,1,0,0,0,1,0,0,0,0,0,0,0,0,0,,FALSE
done,1,0,0,0,1,0,0,0,0,0,0,0,0,0,,FALSE
lift,1,0,0,0,1,0,0,0,0,0,0,0,0,0,,FALSE
autumn,1,0,0,0,1,0,0,0,0,0,0,0,0,0,,FALSE
hair,1,0,0,0,1,0,0,0,0,0,0,0,0,0,,FALSE
sharp,1,0,0,0,1,0,0,0,0,0,0,0,0,0,,FALSE
hear,1,0,0,0,1,0,0,0,0,0,0,0,0,0,,FALSE
noise,1,0,0,0,1,0,0,0,0,0,0,0,0,0,,FALSE
thunder,1,0,0,0,1,0,0,0,0,0,0,0,0,0,,FALSE
quick,1,0,0,0,1,0,0,0,0,0,0,0,0,0,,FALSE
ear,1,0,0,0,1,0,0,0,0,0,0,0,0,0,,FALSE
ancients,1,0,0,0,1,0,0,0,0,0,0,0,0,0,,FALSE
excels,1,0,0,0,1,0,0,0,0,0,0,0,0,0,,FALSE
victories,1,0,0,0,1,0,0,0,0,0,0,0,0,0,,FALSE
reputation,1,0,0,0,1,0,0,0,0,0,0,0,0,0,,FALSE
credit,1,0,0,0,1,0,0,0,0,0,0,0,0,0,,FALSE
establishes,1,0,0,0,1,0,0,0,0,0,0,0,0,0,,FALSE
certainty,1,0,0,0,1,0,0,0,0,0,0,0,0,0,,FALSE
already,1,0,0,0,1,0,0,0,0,0,0,0,0,0,,FALSE
miss,1,0,0,0,1,0,0,0,0,0,0,0,0,0,,FALSE
strategist,1,0,0,0,1,0,0,0,0,0,0,0,0,0,,FALSE
seeks,1,0,0,0,1,0,0,0,0,0,0,0,0,0,,FALSE
won,1,0,0,0,1,0,0,0,0,0,0,0,0,0,,FALSE
whereas,1,0,0,0,1,0,0,0,0,0,0,0,0,0,,FALSE
destined,1,0,0,0,1,0,0,0,0,0,0,0,0,0,,FALSE
fights,1,0,0,0,1,0,0,0,0,0,0,0,0,0,,FALSE
consummate,1,0,0,0,1,0,0,0,0,0,0,0,0,0,,FALSE
strictly,1,0,0,0,1,0,0,0,0,0,0,0,0,0,,FALSE
adheres,1,0,0,0,1,0,0,0,0,0,0,0,0,0,,FALSE
respect,1,0,0,0,1,0,0,0,0,0,0,0,0,0,,FALSE
firstly,1,0,0,0,1,0,0,0,0,0,0,0,0,0,,FALSE
secondly,1,0,0,0,1,0,0,0,0,0,0,0,0,0,,FALSE
thirdly,1,0,0,0,1,0,0,0,0,0,0,0,0,0,,FALSE
fourthly,1,0,0,0,1,0,0,0,0,0,0,0,0,0,,FALSE
fifthly,1,0,0,0,1,0,0,0,0,0,0,0,0,0,,FALSE
owes,1,0,0,0,1,0,0,0,0,0,0,0,0,0,,FALSE
existence,1,0,0,0,1,0,0,0,0,0,0,0,0,0,,FALSE
opposed,1,0,0,0,1,0,0,0,0,0,0,0,0,0,,FALSE
pound,1,0,0,0,1,0,0,0,0,0,0,0,0,0,,FALSE
weight,1,0,0,0,1,0,0,0,0,0,0,0,0,0,,FALSE
placed,1,0,0,0,1,0,0,0,0,0,0,0,0,0,,FALSE
scale,1,0,0,0,1,0,0,0,0,0,0,0,0,0,,FALSE
onrush,1,0,0,0,1,0,0,0,0,0,0,0,0,0,,FALSE
bursting,1,0,0,0,1,0,0,0,0,0,0,0,0,0,,FALSE
pent-up,1,0,0,0,1,0,0,0,0,0,0,0,0,0,,FALSE
waters,1,0,0,0,1,0,0,0,0,0,0,0,0,0,,FALSE
chasm,1,0,0,0,1,0,0,0,0,0,0,0,0,0,,FALSE
fathoms,1,0,0,0,1,0,0,0,0,0,0,0,0,0,,FALSE
v,1,0,0,0,0,1,0,0,0,0,0,0,0,0,,FALSE
dividing,1,0,0,0,0,1,0,0,0,0,0,0,0,0,,FALSE
nowise,1,0,0,0,0,1,0,0,0,0,0,0,0,0,,FALSE
instituting,1,0,0,0,0,1,0,0,0,0,0,0,0,0,,FALSE
signals,1,0,0,0,0,1,0,0,0,0,0,0,0,0,,FALSE
withstand,1,0,0,0,0,1,0,0,0,0,0,0,0,0,,FALSE
brunt,1,0,0,0,0,1,0,0,0,0,0,0,0,0,,FALSE
unshaken,1,0,0,0,0,1,0,0,0,0,0,0,0,0,,FALSE
impact,1,0,0,0,0,1,0,0,0,0,0,0,0,0,,FALSE
grindstone,1,0,0,0,0,1,0,0,0,0,0,0,0,0,,FALSE
dashed,1,0,0,0,0,1,0,0,0,0,0,0,0,0,,FALSE
egg,1,0,0,0,0,1,0,0,0,0,0,0,0,0,,FALSE
science,1,0,0,0,0,1,0,0,0,0,0,0,0,0,,FALSE
needed,1,0,0,0,0,1,0,0,0,0,0,0,0,0,,FALSE
efficiently,1,0,0,0,0,1,0,0,0,0,0,0,0,0,,FALSE
applied,1,0,0,0,0,1,0,0,0,0,0,0,0,0,,FALSE
inexhaustible,1,0,0,0,0,1,0,0,0,0,0,0,0,0,,FALSE
unending,1,0,0,0,0,1,0,0,0,0,0,0,0,0,,FALSE
flow,1,0,0,0,0,1,0,0,0,0,0,0,0,0,,FALSE
rivers,1,0,0,0,0,1,0,0,0,0,0,0,0,0,,FALSE
streams,1,0,0,0,0,1,0,0,0,0,0,0,0,0,,FALSE
anew,1,0,0,0,0,1,0,0,0,0,0,0,0,0,,FALSE
musical,1,0,0,0,0,1,0,0,0,0,0,0,0,0,,FALSE
notes,1,0,0,0,0,1,0,0,0,0,0,0,0,0,,FALSE
melodies,1,0,0,0,0,1,0,0,0,0,0,0,0,0,,FALSE
primary,1,0,0,0,0,1,0,0,0,0,0,0,0,0,,FALSE
colors,1,0,0,0,0,1,0,0,0,0,0,0,0,0,,FALSE
blue,1,0,0,0,0,1,0,0,0,0,0,0,0,0,,FALSE
red,1,0,0,0,0,1,0,0,0,0,0,0,0,0,,FALSE
white,1,0,0,0,0,1,0,0,0,0,0,0,0,0,,FALSE
black,1,0,0,0,0,1,0,0,0,0,0,0,0,0,,FALSE
produce,1,0,0,0,0,1,0,0,0,0,0,0,0,0,,FALSE
hues,1,0,0,0,0,1,0,0,0,0,0,0,0,0,,FALSE
cardinal,1,0,0,0,0,1,0,0,0,0,0,0,0,0,,FALSE
tastes,1,0,0,0,0,1,0,0,0,0,0,0,0,0,,FALSE
sour,1,0,0,0,0,1,0,0,0,0,0,0,0,0,,FALSE
acrid,1,0,0,0,0,1,0,0,0,0,0,0,0,0,,FALSE
salt,1,0,0,0,0,1,0,0,0,0,0,0,0,0,,FALSE
sweet,1,0,0,0,0,1,0,0,0,0,0,0,0,0,,FALSE
bitter,1,0,0,0,0,1,0,0,0,0,0,0,0,0,,FALSE
yield,1,0,0,0,0,1,0,0,0,0,0,0,0,0,,FALSE
flavors,1,0,0,0,0,1,0,0,0,0,0,0,0,0,,FALSE
tasted,1,0,0,0,0,1,0,0,0,0,0,0,0,0,,FALSE
endless,1,0,0,0,0,1,0,0,0,0,0,0,0,0,,FALSE
series,1,0,0,0,0,1,0,0,0,0,0,0,0,0,,FALSE
circle,1,0,0,0,0,1,0,0,0,0,0,0,0,0,,FALSE
possibilities,1,0,0,0,0,1,0,0,0,0,0,0,0,0,,FALSE
torrent,1,0,0,0,0,1,0,0,0,0,0,0,0,0,,FALSE
quality,1,0,0,0,0,1,0,0,0,0,0,0,0,0,,FALSE
well-timed,1,0,0,0,0,1,0,0,0,0,0,0,0,0,,FALSE
swoop,1,0,0,0,0,1,0,0,0,0,0,0,0,0,,FALSE
falcon,1,0,0,0,0,1,0,0,0,0,0,0,0,0,,FALSE
victim,1,0,0,0,0,1,0,0,0,0,0,0,0,0,,FALSE
terrible,1,0,0,0,0,1,0,0,0,0,0,0,0,0,,FALSE
prompt,1,0,0,0,0,1,0,0,0,0,0,0,0,0,,FALSE
bending,1,0,0,0,0,1,0,0,0,0,0,0,0,0,,FALSE
crossbow,1,0,0,0,0,1,0,0,0,0,0,0,0,0,,FALSE
releasing,1,0,0,0,0,1,0,0,0,0,0,0,0,0,,FALSE
trigger,1,0,0,0,0,1,0,0,0,0,0,0,0,0,,FALSE
turmoil,1,0,0,0,0,1,0,0,0,0,0,0,0,0,,FALSE
tumult,1,0,0,0,0,1,0,0,0,0,0,0,0,0,,FALSE
seeming,1,0,0,0,0,1,0,0,0,0,0,0,0,0,,FALSE
real,1,0,0,0,0,1,0,0,0,0,0,0,0,0,,FALSE
confusion,1,0,0,0,0,1,0,0,0,0,0,0,0,0,,FALSE
chaos,1,0,0,0,0,1,0,0,0,0,0,0,0,0,,FALSE
proof,1,0,0,0,0,1,0,0,0,0,0,0,0,0,,FALSE
hiding,1,0,0,0,0,1,0,0,0,0,0,0,0,0,,FALSE
beneath,1,0,0,0,0,1,0,0,0,0,0,0,0,0,,FALSE
cloak,1,0,0,0,0,1,0,0,0,0,0,0,0,0,,FALSE
subdivision,1,0,0,0,0,1,0,0,0,0,0,0,0,0,,FALSE
concealing,1,0,0,0,0,1,0,0,0,0,0,0,0,0,,FALSE
timidity,1,0,0,0,0,1,0,0,0,0,0,0,0,0,,FALSE
presupposes,1,0,0,0,0,1,0,0,0,0,0,0,0,0,,FALSE
fund,1,0,0,0,0,1,0,0,0,0,0,0,0,0,,FALSE
latent,1,0,0,0,0,1,0,0,0,0,0,0,0,0,,FALSE
masking,1,0,0,0,0,1,0,0,0,0,0,0,0,0,,FALSE
maintains,1,0,0,0,0,1,0,0,0,0,0,0,0,0,,FALSE
deceitful,1,0,0,0,0,1,0,0,0,0,0,0,0,0,,FALSE
sacrifices,1,0,0,0,0,1,0,0,0,0,0,0,0,0,,FALSE
effect,1,0,0,0,0,1,0,0,0,0,0,0,0,0,,FALSE
require,1,0,0,0,0,1,0,0,0,0,0,0,0,0,,FALSE
individuals,1,0,0,0,0,1,0,0,0,0,0,0,0,0,,FALSE
pick,1,0,0,0,0,1,0,0,0,0,0,0,0,0,,FALSE
utilizes,1,0,0,0,0,1,0,0,0,0,0,0,0,0,,FALSE
logs,1,0,0,0,0,1,0,0,0,0,0,0,0,0,,FALSE
log,1,0,0,0,0,1,0,0,0,0,0,0,0,0,,FALSE
motionless,1,0,0,0,0,1,0,0,0,0,0,0,0,0,,FALSE
four-cornered,1,0,0,0,0,1,0,0,0,0,0,0,0,0,,FALSE
standstill,1,0,0,0,0,1,0,0,0,0,0,0,0,0,,FALSE
round-shaped,1,0,0,0,0,1,0,0,0,0,0,0,0,0,,FALSE
developed,1,0,0,0,0,1,0,0,0,0,0,0,0,0,,FALSE
momentum,1,0,0,0,0,1,0,0,0,0,0,0,0,0,,FALSE
round,1,0,0,0,0,1,0,0,0,0,0,0,0,0,,FALSE
rolled,1,0,0,0,0,1,0,0,0,0,0,0,0,0,,FALSE
thousands,1,0,0,0,0,1,0,0,0,0,0,0,0,0,,FALSE
feet,1,0,0,0,0,1,0,0,0,0,0,0,0,0,,FALSE
vi,1,0,0,0,0,0,1,0,0,0,0,0,0,0,,FALSE
imposes,1,0,0,0,0,0,1,0,0,0,0,0,0,0,,FALSE
allow,1,0,0,0,0,0,1,0,0,0,0,0,0,0,,FALSE
imposed,1,0,0,0,0,0,1,0,0,0,0,0,0,0,,FALSE
harass,1,0,0,0,0,0,1,0,0,0,0,0,0,0,,FALSE
supplied,1,0,0,0,0,0,1,0,0,0,0,0,0,0,,FALSE
starve,1,0,0,0,0,0,1,0,0,0,0,0,0,0,,FALSE
quietly,1,0,0,0,0,0,1,0,0,0,0,0,0,0,,FALSE
encamped,1,0,0,0,0,0,1,0,0,0,0,0,0,0,,FALSE
swiftly,1,0,0,0,0,0,1,0,0,0,0,0,0,0,,FALSE
succeeding,1,0,0,0,0,0,1,0,0,0,0,0,0,0,,FALSE
undefended,1,0,0,0,0,0,1,0,0,0,0,0,0,0,,FALSE
o,1,0,0,0,0,0,1,0,0,0,0,0,0,0,,FALSE
subtlety,1,0,0,0,0,0,1,0,0,0,0,0,0,0,,FALSE
inaudible,1,0,0,0,0,0,1,0,0,0,0,0,0,0,,FALSE
absolutely,1,0,0,0,0,0,1,0,0,0,0,0,0,0,,FALSE
irresistible,1,0,0,0,0,0,1,0,0,0,0,0,0,0,,FALSE
pursuit,1,0,0,0,0,0,1,0,0,0,0,0,0,0,,FALSE
rapid,1,0,0,0,0,0,1,0,0,0,0,0,0,0,,FALSE
engagement,1,0,0,0,0,0,1,0,0,0,0,0,0,0,,FALSE
sheltered,1,0,0,0,0,0,1,0,0,0,0,0,0,0,,FALSE
rampart,1,0,0,0,0,0,1,0,0,0,0,0,0,0,,FALSE
ditch,1,0,0,0,0,0,1,0,0,0,0,0,0,0,,FALSE
obliged,1,0,0,0,0,0,1,0,0,0,0,0,0,0,,FALSE
engaging,1,0,0,0,0,0,1,0,0,0,0,0,0,0,,FALSE
lines,1,0,0,0,0,0,1,0,0,0,0,0,0,0,,FALSE
traced,1,0,0,0,0,0,1,0,0,0,0,0,0,0,,FALSE
odd,1,0,0,0,0,0,1,0,0,0,0,0,0,0,,FALSE
unaccountable,1,0,0,0,0,0,1,0,0,0,0,0,0,0,,FALSE
discovering,1,0,0,0,0,0,1,0,0,0,0,0,0,0,,FALSE
remaining,1,0,0,0,0,0,1,0,0,0,0,0,0,0,,FALSE
split,1,0,0,0,0,0,1,0,0,0,0,0,0,0,,FALSE
fractions,1,0,0,0,0,0,1,0,0,0,0,0,0,0,,FALSE
pitted,1,0,0,0,0,0,1,0,0,0,0,0,0,0,,FALSE
intend,1,0,0,0,0,0,1,0,0,0,0,0,0,0,,FALSE
distributed,1,0,0,0,0,0,1,0,0,0,0,0,0,0,,FALSE
proportionately,1,0,0,0,0,0,1,0,0,0,0,0,0,0,,FALSE
sends,1,0,0,0,0,0,1,0,0,0,0,0,0,0,,FALSE
compelling,1,0,0,0,0,0,1,0,0,0,0,0,0,0,,FALSE
knowing,1,0,0,0,0,0,1,0,0,0,0,0,0,0,,FALSE
greatest,1,0,0,0,0,0,1,0,0,0,0,0,0,0,,FALSE
support,1,0,0,0,0,0,1,0,0,0,0,0,0,0,,FALSE
furthest,1,0,0,0,0,0,1,0,0,0,0,0,0,0,,FALSE
portions,1,0,0,0,0,0,1,0,0,0,0,0,0,0,,FALSE
anything,1,0,0,0,0,0,1,0,0,0,0,0,0,0,,FALSE
apart,1,0,0,0,0,0,1,0,0,0,0,0,0,0,,FALSE
nearest,1,0,0,0,0,0,1,0,0,0,0,0,0,0,,FALSE
separated,1,0,0,0,0,0,1,0,0,0,0,0,0,0,,FALSE
exceed,1,0,0,0,0,0,1,0,0,0,0,0,0,0,,FALSE
achieved,1,0,0,0,0,0,1,0,0,0,0,0,0,0,,FALSE
scheme,1,0,0,0,0,0,1,0,0,0,0,0,0,0,,FALSE
rouse,1,0,0,0,0,0,1,0,0,0,0,0,0,0,,FALSE
activity,1,0,0,0,0,0,1,0,0,0,0,0,0,0,,FALSE
inactivity,1,0,0,0,0,0,1,0,0,0,0,0,0,0,,FALSE
reveal,1,0,0,0,0,0,1,0,0,0,0,0,0,0,,FALSE
vulnerable,1,0,0,0,0,0,1,0,0,0,0,0,0,0,,FALSE
compare,1,0,0,0,0,0,1,0,0,0,0,0,0,0,,FALSE
opposing,1,0,0,0,0,0,1,0,0,0,0,0,0,0,,FALSE
superabundant,1,0,0,0,0,0,1,0,0,0,0,0,0,0,,FALSE
deficient,1,0,0,0,0,0,1,0,0,0,0,0,0,0,,FALSE
pitch,1,0,0,0,0,0,1,0,0,0,0,0,0,0,,FALSE
attain,1,0,0,0,0,0,1,0,0,0,0,0,0,0,,FALSE
prying,1,0,0,0,0,0,1,0,0,0,0,0,0,0,,FALSE
subtlest,1,0,0,0,0,0,1,0,0,0,0,0,0,0,,FALSE
machinations,1,0,0,0,0,0,1,0,0,0,0,0,0,0,,FALSE
wisest,1,0,0,0,0,0,1,0,0,0,0,0,0,0,,FALSE
brains,1,0,0,0,0,0,1,0,0,0,0,0,0,0,,FALSE
produced,1,0,0,0,0,0,1,0,0,0,0,0,0,0,,FALSE
comprehend,1,0,0,0,0,0,1,0,0,0,0,0,0,0,,FALSE
strategy,1,0,0,0,0,0,1,0,0,0,0,0,0,0,,FALSE
evolved,1,0,0,0,0,0,1,0,0,0,0,0,0,0,,FALSE
repeat,1,0,0,0,0,0,1,0,0,0,0,0,0,0,,FALSE
regulated,1,0,0,0,0,0,1,0,0,0,0,0,0,0,,FALSE
infinite,1,0,0,0,0,0,1,0,0,0,0,0,0,0,,FALSE
variety,1,0,0,0,0,0,1,0,0,0,0,0,0,0,,FALSE
runs,1,0,0,0,0,0,1,0,0,0,0,0,0,0,,FALSE
hastens,1,0,0,0,0,0,1,0,0,0,0,0,0,0,,FALSE
downwards,1,0,0,0,0,0,1,0,0,0,0,0,0,0,,FALSE
shapes,1,0,0,0,0,0,1,0,0,0,0,0,0,0,,FALSE
flows,1,0,0,0,0,0,1,0,0,0,0,0,0,0,,FALSE
works,1,0,0,0,0,0,1,0,0,0,0,0,0,0,,FALSE
retains,1,0,0,0,0,0,1,0,0,0,0,0,0,0,,FALSE
shape,1,0,0,0,0,0,1,0,0,0,0,0,0,0,,FALSE
heaven-born,1,0,0,0,0,0,1,0,0,0,0,0,0,0,,FALSE
captain,1,0,0,0,0,0,1,0,0,0,0,0,0,0,,FALSE
wood,1,0,0,0,0,0,1,0,0,0,0,0,0,0,,FALSE
metal,1,0,0,0,0,0,1,0,0,0,0,0,0,0,,FALSE
predominant,1,0,0,0,0,0,1,0,0,0,0,0,0,0,,FALSE
periods,1,0,0,0,0,0,1,0,0,0,0,0,0,0,,FALSE
waning,1,0,0,0,0,0,1,0,0,0,0,0,0,0,,FALSE
waxing,1,0,0,0,0,0,1,0,0,0,0,0,0,0,,FALSE
vii,1,0,0,0,0,0,0,1,0,0,0,0,0,0,,FALSE
collected,1,0,0,0,0,0,0,1,0,0,0,0,0,0,,FALSE
blend,1,0,0,0,0,0,0,1,0,0,0,0,0,0,,FALSE
harmonize,1,0,0,0,0,0,0,1,0,0,0,0,0,0,,FALSE
thereof,1,0,0,0,0,0,0,1,0,0,0,0,0,0,,FALSE
pitching,1,0,0,0,0,0,0,1,0,0,0,0,0,0,,FALSE
difficulty,1,0,0,0,0,0,0,1,0,0,0,0,0,0,,FALSE
turning,1,0,0,0,0,0,0,1,0,0,0,0,0,0,,FALSE
devious,1,0,0,0,0,0,0,1,0,0,0,0,0,0,,FALSE
route,1,0,0,0,0,0,0,1,0,0,0,0,0,0,,FALSE
advantageous,1,0,0,0,0,0,0,1,0,0,0,0,0,0,,FALSE
undisciplined,1,0,0,0,0,0,0,1,0,0,0,0,0,0,,FALSE
equipped,1,0,0,0,0,0,0,1,0,0,0,0,0,0,,FALSE
detach,1,0,0,0,0,0,0,1,0,0,0,0,0,0,,FALSE
flying,1,0,0,0,0,0,0,1,0,0,0,0,0,0,,FALSE
involves,1,0,0,0,0,0,0,1,0,0,0,0,0,0,,FALSE
sacrifice,1,0,0,0,0,0,0,1,0,0,0,0,0,0,,FALSE
buff-coats,1,0,0,0,0,0,0,1,0,0,0,0,0,0,,FALSE
halting,1,0,0,0,0,0,0,1,0,0,0,0,0,0,,FALSE
covering,1,0,0,0,0,0,0,1,0,0,0,0,0,0,,FALSE
double,1,0,0,0,0,0,0,1,0,0,0,0,0,0,,FALSE
usual,1,0,0,0,0,0,0,1,0,0,0,0,0,0,,FALSE
stretch,1,0,0,0,0,0,0,1,0,0,0,0,0,0,,FALSE
wrest,1,0,0,0,0,0,0,1,0,0,0,0,0,0,,FALSE
jaded,1,0,0,0,0,0,0,1,0,0,0,0,0,0,,FALSE
ones,1,0,0,0,0,0,0,1,0,0,0,0,0,0,,FALSE
plan,1,0,0,0,0,0,0,1,0,0,0,0,0,0,,FALSE
one-tenth,1,0,0,0,0,0,0,1,0,0,0,0,0,0,,FALSE
destination,1,0,0,0,0,0,0,1,0,0,0,0,0,0,,FALSE
fifty,1,0,0,0,0,0,0,1,0,0,0,0,0,0,,FALSE
outmaneuver,1,0,0,0,0,0,0,1,0,0,0,0,0,0,,FALSE
division,1,0,0,0,0,0,0,1,0,0,0,0,0,0,,FALSE
thirty,1,0,0,0,0,0,0,1,0,0,0,0,0,0,,FALSE
two-thirds,1,0,0,0,0,0,0,1,0,0,0,0,0,0,,FALSE
baggage-train,1,0,0,0,0,0,0,1,0,0,0,0,0,0,,FALSE
bases,1,0,0,0,0,0,0,1,0,0,0,0,0,0,,FALSE
neighbors,1,0,0,0,0,0,0,1,0,0,0,0,0,0,,FALSE
dissimulation,1,0,0,0,0,0,0,1,0,0,0,0,0,0,,FALSE
compactness,1,0,0,0,0,0,0,1,0,0,0,0,0,0,,FALSE
raiding,1,0,0,0,0,0,0,1,0,0,0,0,0,0,,FALSE
plundering,1,0,0,0,0,0,0,1,0,0,0,0,0,0,,FALSE
immovability,1,0,0,0,0,0,0,1,0,0,0,0,0,0,,FALSE
impenetrable,1,0,0,0,0,0,0,1,0,0,0,0,0,0,,FALSE
thunderbolt,1,0,0,0,0,0,0,1,0,0,0,0,0,0,,FALSE
countryside,1,0,0,0,0,0,0,1,0,0,0,0,0,0,,FALSE
spoil,1,0,0,0,0,0,0,1,0,0,0,0,0,0,,FALSE
new,1,0,0,0,0,0,0,1,0,0,0,0,0,0,,FALSE
cut,1,0,0,0,0,0,0,1,0,0,0,0,0,0,,FALSE
allotments,1,0,0,0,0,0,0,1,0,0,0,0,0,0,,FALSE
soldiery,1,0,0,0,0,0,0,1,0,0,0,0,0,0,,FALSE
ponder,1,0,0,0,0,0,0,1,0,0,0,0,0,0,,FALSE
deliberate,1,0,0,0,0,0,0,1,0,0,0,0,0,0,,FALSE
learnt,1,0,0,0,0,0,0,1,0,0,0,0,0,0,,FALSE
book,1,0,0,0,0,0,0,1,0,0,0,0,0,0,,FALSE
management,1,0,0,0,0,0,0,1,0,0,0,0,0,0,,FALSE
spoken,1,0,0,0,0,0,0,1,0,0,0,0,0,0,,FALSE
word,1,0,0,0,0,0,0,1,0,0,0,0,0,0,,FALSE
objects,1,0,0,0,0,0,0,1,0,0,0,0,0,0,,FALSE
clearly,1,0,0,0,0,0,0,1,0,0,0,0,0,0,,FALSE
focused,1,0,0,0,0,0,0,1,0,0,0,0,0,0,,FALSE
particular,1,0,0,0,0,0,0,1,0,0,0,0,0,0,,FALSE
brave,1,0,0,0,0,0,0,1,0,0,0,0,0,0,,FALSE
cowardly,1,0,0,0,0,0,0,1,0,0,0,0,0,0,,FALSE
handling,1,0,0,0,0,0,0,1,0,0,0,0,0,0,,FALSE
masses,1,0,0,0,0,0,0,1,0,0,0,0,0,0,,FALSE
night-fighting,1,0,0,0,0,0,0,1,0,0,0,0,0,0,,FALSE
signal-fires,1,0,0,0,0,0,0,1,0,0,0,0,0,0,,FALSE
influencing,1,0,0,0,0,0,0,1,0,0,0,0,0,0,,FALSE
presence,1,0,0,0,0,0,0,1,0,0,0,0,0,0,,FALSE
keenest,1,0,0,0,0,0,0,1,0,0,0,0,0,0,,FALSE
morning,1,0,0,0,0,0,0,1,0,0,0,0,0,0,,FALSE
noonday,1,0,0,0,0,0,0,1,0,0,0,0,0,0,,FALSE
begun,1,0,0,0,0,0,0,1,0,0,0,0,0,0,,FALSE
flag,1,0,0,0,0,0,0,1,0,0,0,0,0,0,,FALSE
evening,1,0,0,0,0,0,0,1,0,0,0,0,0,0,,FALSE
bent,1,0,0,0,0,0,0,1,0,0,0,0,0,0,,FALSE
avoids,1,0,0,0,0,0,0,1,0,0,0,0,0,0,,FALSE
sluggish,1,0,0,0,0,0,0,1,0,0,0,0,0,0,,FALSE
inclined,1,0,0,0,0,0,0,1,0,0,0,0,0,0,,FALSE
moods,1,0,0,0,0,0,0,1,0,0,0,0,0,0,,FALSE
disciplined,1,0,0,0,0,0,0,1,0,0,0,0,0,0,,FALSE
hubbub,1,0,0,0,0,0,0,1,0,0,0,0,0,0,,FALSE
retaining,1,0,0,0,0,0,0,1,0,0,0,0,0,0,,FALSE
self-possession,1,0,0,0,0,0,0,1,0,0,0,0,0,0,,FALSE
toiling,1,0,0,0,0,0,0,1,0,0,0,0,0,0,,FALSE
struggling,1,0,0,0,0,0,0,1,0,0,0,0,0,0,,FALSE
well-fed,1,0,0,0,0,0,0,1,0,0,0,0,0,0,,FALSE
famished,1,0,0,0,0,0,0,1,0,0,0,0,0,0,,FALSE
husbanding,1,0,0,0,0,0,0,1,0,0,0,0,0,0,,FALSE
intercepting,1,0,0,0,0,0,0,1,0,0,0,0,0,0,,FALSE
drawn,1,0,0,0,0,0,0,1,0,0,0,0,0,0,,FALSE
confident,1,0,0,0,0,0,0,1,0,0,0,0,0,0,,FALSE
axiom,1,0,0,0,0,0,0,1,0,0,0,0,0,0,,FALSE
uphill,1,0,0,0,0,0,0,1,0,0,0,0,0,0,,FALSE
downhill,1,0,0,0,0,0,0,1,0,0,0,0,0,0,,FALSE
pursue,1,0,0,0,0,0,0,1,0,0,0,0,0,0,,FALSE
simulates,1,0,0,0,0,0,0,1,0,0,0,0,0,0,,FALSE
swallow,1,0,0,0,0,0,0,1,0,0,0,0,0,0,,FALSE
offered,1,0,0,0,0,0,0,1,0,0,0,0,0,0,,FALSE
interfere,1,0,0,0,0,0,0,1,0,0,0,0,0,0,,FALSE
outlet,1,0,0,0,0,0,0,1,0,0,0,0,0,0,,FALSE
press,1,0,0,0,0,0,0,1,0,0,0,0,0,0,,FALSE
viii,1,0,0,0,0,0,0,0,1,0,0,0,0,0,,FALSE
collects,1,0,0,0,0,0,0,0,1,0,0,0,0,0,,FALSE
concentrates,1,0,0,0,0,0,0,0,1,0,0,0,0,0,,FALSE
encamp,1,0,0,0,0,0,0,0,1,0,0,0,0,0,,FALSE
intersect,1,0,0,0,0,0,0,0,1,0,0,0,0,0,,FALSE
linger,1,0,0,0,0,0,0,0,1,0,0,0,0,0,,FALSE
dangerously,1,0,0,0,0,0,0,0,1,0,0,0,0,0,,FALSE
isolated,1,0,0,0,0,0,0,0,1,0,0,0,0,0,,FALSE
followed,1,0,0,0,0,0,0,0,1,0,0,0,0,0,,FALSE
towns,1,0,0,0,0,0,0,0,1,0,0,0,0,0,,FALSE
besieged,1,0,0,0,0,0,0,0,1,0,0,0,0,0,,FALSE
contested,1,0,0,0,0,0,0,0,1,0,0,0,0,0,,FALSE
understands,1,0,0,0,0,0,0,0,1,0,0,0,0,0,,FALSE
accompany,1,0,0,0,0,0,0,0,1,0,0,0,0,0,,FALSE
configuration,1,0,0,0,0,0,0,0,1,0,0,0,0,0,,FALSE
student,1,0,0,0,0,0,0,0,1,0,0,0,0,0,,FALSE
unversed,1,0,0,0,0,0,0,0,1,0,0,0,0,0,,FALSE
varying,1,0,0,0,0,0,0,0,1,0,0,0,0,0,,FALSE
blended,1,0,0,0,0,0,0,0,1,0,0,0,0,0,,FALSE
expectation,1,0,0,0,0,0,0,0,1,0,0,0,0,0,,FALSE
tempered,1,0,0,0,0,0,0,0,1,0,0,0,0,0,,FALSE
accomplishing,1,0,0,0,0,0,0,0,1,0,0,0,0,0,,FALSE
schemes,1,0,0,0,0,0,0,0,1,0,0,0,0,0,,FALSE
ready,1,0,0,0,0,0,0,0,1,0,0,0,0,0,,FALSE
seize,1,0,0,0,0,0,0,0,1,0,0,0,0,0,,FALSE
extricate,1,0,0,0,0,0,0,0,1,0,0,0,0,0,,FALSE
reduce,1,0,0,0,0,0,0,0,1,0,0,0,0,0,,FALSE
chiefs,1,0,0,0,0,0,0,0,1,0,0,0,0,0,,FALSE
engaged,1,0,0,0,0,0,0,0,1,0,0,0,0,0,,FALSE
specious,1,0,0,0,0,0,0,0,1,0,0,0,0,0,,FALSE
allurements,1,0,0,0,0,0,0,0,1,0,0,0,0,0,,FALSE
teaches,1,0,0,0,0,0,0,0,1,0,0,0,0,0,,FALSE
rely,1,0,0,0,0,0,0,0,1,0,0,0,0,0,,FALSE
receive,1,0,0,0,0,0,0,0,1,0,0,0,0,0,,FALSE
chance,1,0,0,0,0,0,0,0,1,0,0,0,0,0,,FALSE
unassailable,1,0,0,0,0,0,0,0,1,0,0,0,0,0,,FALSE
affect,1,0,0,0,0,0,0,0,1,0,0,0,0,0,,FALSE
recklessness,1,0,0,0,0,0,0,0,1,0,0,0,0,0,,FALSE
cowardice,1,0,0,0,0,0,0,0,1,0,0,0,0,0,,FALSE
hasty,1,0,0,0,0,0,0,0,1,0,0,0,0,0,,FALSE
provoked,1,0,0,0,0,0,0,0,1,0,0,0,0,0,,FALSE
insults,1,0,0,0,0,0,0,0,1,0,0,0,0,0,,FALSE
delicacy,1,0,0,0,0,0,0,0,1,0,0,0,0,0,,FALSE
honor,1,0,0,0,0,0,0,0,1,0,0,0,0,0,,FALSE
sensitive,1,0,0,0,0,0,0,0,1,0,0,0,0,0,,FALSE
shame,1,0,0,0,0,0,0,0,1,0,0,0,0,0,,FALSE
over-solicitude,1,0,0,0,0,0,0,0,1,0,0,0,0,0,,FALSE
exposes,1,0,0,0,0,0,0,0,1,0,0,0,0,0,,FALSE
worry,1,0,0,0,0,0,0,0,1,0,0,0,0,0,,FALSE
besetting,1,0,0,0,0,0,0,0,1,0,0,0,0,0,,FALSE
sins,1,0,0,0,0,0,0,0,1,0,0,0,0,0,,FALSE
ruinous,1,0,0,0,0,0,0,0,1,0,0,0,0,0,,FALSE
conduct,1,0,0,0,0,0,0,0,1,0,0,0,0,0,,FALSE
overthrown,1,0,0,0,0,0,0,0,1,0,0,0,0,0,,FALSE
meditation,1,0,0,0,0,0,0,0,1,0,0,0,0,0,,FALSE
ix,1,0,0,0,0,0,0,0,0,1,0,0,0,0,,FALSE
observing,1,0,0,0,0,0,0,0,0,1,0,0,0,0,,FALSE
climb,1,0,0,0,0,0,0,0,0,1,0,0,0,0,,FALSE
crosses,1,0,0,0,0,0,0,0,0,1,0,0,0,0,,FALSE
onward,1,0,0,0,0,0,0,0,0,1,0,0,0,0,,FALSE
mid-stream,1,0,0,0,0,0,0,0,0,1,0,0,0,0,,FALSE
invader,1,0,0,0,0,0,0,0,0,1,0,0,0,0,,FALSE
cross,1,0,0,0,0,0,0,0,0,1,0,0,0,0,,FALSE
moor,1,0,0,0,0,0,0,0,0,1,0,0,0,0,,FALSE
craft,1,0,0,0,0,0,0,0,0,1,0,0,0,0,,FALSE
up-stream,1,0,0,0,0,0,0,0,0,1,0,0,0,0,,FALSE
salt-marshes,1,0,0,0,0,0,0,0,0,1,0,0,0,0,,FALSE
sole,1,0,0,0,0,0,0,0,0,1,0,0,0,0,,FALSE
concern,1,0,0,0,0,0,0,0,0,1,0,0,0,0,,FALSE
salt-marsh,1,0,0,0,0,0,0,0,0,1,0,0,0,0,,FALSE
clump,1,0,0,0,0,0,0,0,0,1,0,0,0,0,,FALSE
salt-marches,1,0,0,0,0,0,0,0,0,1,0,0,0,0,,FALSE
easily,1,0,0,0,0,0,0,0,0,1,0,0,0,0,,FALSE
campaigning,1,0,0,0,0,0,0,0,0,1,0,0,0,0,,FALSE
flat,1,0,0,0,0,0,0,0,0,1,0,0,0,0,,FALSE
useful,1,0,0,0,0,0,0,0,0,1,0,0,0,0,,FALSE
enabled,1,0,0,0,0,0,0,0,0,1,0,0,0,0,,FALSE
emperor,1,0,0,0,0,0,0,0,0,1,0,0,0,0,,FALSE
vanquish,1,0,0,0,0,0,0,0,0,1,0,0,0,0,,FALSE
disease,1,0,0,0,0,0,0,0,0,1,0,0,0,0,,FALSE
spell,1,0,0,0,0,0,0,0,0,1,0,0,0,0,,FALSE
hill,1,0,0,0,0,0,0,0,0,1,0,0,0,0,,FALSE
bank,1,0,0,0,0,0,0,0,0,1,0,0,0,0,,FALSE
consequence,1,0,0,0,0,0,0,0,0,1,0,0,0,0,,FALSE
rains,1,0,0,0,0,0,0,0,0,1,0,0,0,0,,FALSE
up-country,1,0,0,0,0,0,0,0,0,1,0,0,0,0,,FALSE
ford,1,0,0,0,0,0,0,0,0,1,0,0,0,0,,FALSE
swollen,1,0,0,0,0,0,0,0,0,1,0,0,0,0,,FALSE
flecked,1,0,0,0,0,0,0,0,0,1,0,0,0,0,,FALSE
foam,1,0,0,0,0,0,0,0,0,1,0,0,0,0,,FALSE
subsides,1,0,0,0,0,0,0,0,0,1,0,0,0,0,,FALSE
cliffs,1,0,0,0,0,0,0,0,0,1,0,0,0,0,,FALSE
torrents,1,0,0,0,0,0,0,0,0,1,0,0,0,0,,FALSE
hollows,1,0,0,0,0,0,0,0,0,1,0,0,0,0,,FALSE
confined,1,0,0,0,0,0,0,0,0,1,0,0,0,0,,FALSE
tangled,1,0,0,0,0,0,0,0,0,1,0,0,0,0,,FALSE
thickets,1,0,0,0,0,0,0,0,0,1,0,0,0,0,,FALSE
quagmires,1,0,0,0,0,0,0,0,0,1,0,0,0,0,,FALSE
crevasses,1,0,0,0,0,0,0,0,0,1,0,0,0,0,,FALSE
speed,1,0,0,0,0,0,0,0,0,1,0,0,0,0,,FALSE
approached,1,0,0,0,0,0,0,0,0,1,0,0,0,0,,FALSE
hilly,1,0,0,0,0,0,0,0,0,1,0,0,0,0,,FALSE
ponds,1,0,0,0,0,0,0,0,0,1,0,0,0,0,,FALSE
aquatic,1,0,0,0,0,0,0,0,0,1,0,0,0,0,,FALSE
hollow,1,0,0,0,0,0,0,0,0,1,0,0,0,0,,FALSE
basins,1,0,0,0,0,0,0,0,0,1,0,0,0,0,,FALSE
filled,1,0,0,0,0,0,0,0,0,1,0,0,0,0,,FALSE
reeds,1,0,0,0,0,0,0,0,0,1,0,0,0,0,,FALSE
woods,1,0,0,0,0,0,0,0,0,1,0,0,0,0,,FALSE
undergrowth,1,0,0,0,0,0,0,0,0,1,0,0,0,0,,FALSE
searched,1,0,0,0,0,0,0,0,0,1,0,0,0,0,,FALSE
ambush,1,0,0,0,0,0,0,0,0,1,0,0,0,0,,FALSE
insidious,1,0,0,0,0,0,0,0,0,1,0,0,0,0,,FALSE
lurking,1,0,0,0,0,0,0,0,0,1,0,0,0,0,,FALSE
relying,1,0,0,0,0,0,0,0,0,1,0,0,0,0,,FALSE
aloof,1,0,0,0,0,0,0,0,0,1,0,0,0,0,,FALSE
access,1,0,0,0,0,0,0,0,0,1,0,0,0,0,,FALSE
tendering,1,0,0,0,0,0,0,0,0,1,0,0,0,0,,FALSE
screens,1,0,0,0,0,0,0,0,0,1,0,0,0,0,,FALSE
wants,1,0,0,0,0,0,0,0,0,1,0,0,0,0,,FALSE
suspicious,1,0,0,0,0,0,0,0,0,1,0,0,0,0,,FALSE
ambuscade,1,0,0,0,0,0,0,0,0,1,0,0,0,0,,FALSE
startled,1,0,0,0,0,0,0,0,0,1,0,0,0,0,,FALSE
beasts,1,0,0,0,0,0,0,0,0,1,0,0,0,0,,FALSE
sudden,1,0,0,0,0,0,0,0,0,1,0,0,0,0,,FALSE
spread,1,0,0,0,0,0,0,0,0,1,0,0,0,0,,FALSE
wide,1,0,0,0,0,0,0,0,0,1,0,0,0,0,,FALSE
area,1,0,0,0,0,0,0,0,0,1,0,0,0,0,,FALSE
infantry,1,0,0,0,0,0,0,0,0,1,0,0,0,0,,FALSE
parties,1,0,0,0,0,0,0,0,0,1,0,0,0,0,,FALSE
collect,1,0,0,0,0,0,0,0,0,1,0,0,0,0,,FALSE
firewood,1,0,0,0,0,0,0,0,0,1,0,0,0,0,,FALSE
clouds,1,0,0,0,0,0,0,0,0,1,0,0,0,0,,FALSE
fro,1,0,0,0,0,0,0,0,0,1,0,0,0,0,,FALSE
humble,1,0,0,0,0,0,0,0,0,1,0,0,0,0,,FALSE
words,1,0,0,0,0,0,0,0,0,1,0,0,0,0,,FALSE
increased,1,0,0,0,0,0,0,0,0,1,0,0,0,0,,FALSE
violent,1,0,0,0,0,0,0,0,0,1,0,0,0,0,,FALSE
language,1,0,0,0,0,0,0,0,0,1,0,0,0,0,,FALSE
wings,1,0,0,0,0,0,0,0,0,1,0,0,0,0,,FALSE
proposals,1,0,0,0,0,0,0,0,0,1,0,0,0,0,,FALSE
unaccompanied,1,0,0,0,0,0,0,0,0,1,0,0,0,0,,FALSE
sworn,1,0,0,0,0,0,0,0,0,1,0,0,0,0,,FALSE
covenant,1,0,0,0,0,0,0,0,0,1,0,0,0,0,,FALSE
plot,1,0,0,0,0,0,0,0,0,1,0,0,0,0,,FALSE
retreating,1,0,0,0,0,0,0,0,0,1,0,0,0,0,,FALSE
lure,1,0,0,0,0,0,0,0,0,1,0,0,0,0,,FALSE
leaning,1,0,0,0,0,0,0,0,0,1,0,0,0,0,,FALSE
faint,1,0,0,0,0,0,0,0,0,1,0,0,0,0,,FALSE
want,1,0,0,0,0,0,0,0,0,1,0,0,0,0,,FALSE
drinking,1,0,0,0,0,0,0,0,0,1,0,0,0,0,,FALSE
suffering,1,0,0,0,0,0,0,0,0,1,0,0,0,0,,FALSE
thirst,1,0,0,0,0,0,0,0,0,1,0,0,0,0,,FALSE
sees,1,0,0,0,0,0,0,0,0,1,0,0,0,0,,FALSE
effort,1,0,0,0,0,0,0,0,0,1,0,0,0,0,,FALSE
unoccupied,1,0,0,0,0,0,0,0,0,1,0,0,0,0,,FALSE
clamor,1,0,0,0,0,0,0,0,0,1,0,0,0,0,,FALSE
nervousness,1,0,0,0,0,0,0,0,0,1,0,0,0,0,,FALSE
disturbance,1,0,0,0,0,0,0,0,0,1,0,0,0,0,,FALSE
shifted,1,0,0,0,0,0,0,0,0,1,0,0,0,0,,FALSE
sedition,1,0,0,0,0,0,0,0,0,1,0,0,0,0,,FALSE
afoot,1,0,0,0,0,0,0,0,0,1,0,0,0,0,,FALSE
weary,1,0,0,0,0,0,0,0,0,1,0,0,0,0,,FALSE
feeds,1,0,0,0,0,0,0,0,0,1,0,0,0,0,,FALSE
kills,1,0,0,0,0,0,0,0,0,1,0,0,0,0,,FALSE
cattle,1,0,0,0,0,0,0,0,0,1,0,0,0,0,,FALSE
hang,1,0,0,0,0,0,0,0,0,1,0,0,0,0,,FALSE
camp-fires,1,0,0,0,0,0,0,0,0,1,0,0,0,0,,FALSE
showing,1,0,0,0,0,0,0,0,0,1,0,0,0,0,,FALSE
tents,1,0,0,0,0,0,0,0,0,1,0,0,0,0,,FALSE
determined,1,0,0,0,0,0,0,0,0,1,0,0,0,0,,FALSE
whispering,1,0,0,0,0,0,0,0,0,1,0,0,0,0,,FALSE
knots,1,0,0,0,0,0,0,0,0,1,0,0,0,0,,FALSE
speaking,1,0,0,0,0,0,0,0,0,1,0,0,0,0,,FALSE
subdued,1,0,0,0,0,0,0,0,0,1,0,0,0,0,,FALSE
tones,1,0,0,0,0,0,0,0,0,1,0,0,0,0,,FALSE
disaffection,1,0,0,0,0,0,0,0,0,1,0,0,0,0,,FALSE
file,1,0,0,0,0,0,0,0,0,1,0,0,0,0,,FALSE
frequent,1,0,0,0,0,0,0,0,0,1,0,0,0,0,,FALSE
betray,1,0,0,0,0,0,0,0,0,1,0,0,0,0,,FALSE
bluster,1,0,0,0,0,0,0,0,0,1,0,0,0,0,,FALSE
fright,1,0,0,0,0,0,0,0,0,1,0,0,0,0,,FALSE
lack,1,0,0,0,0,0,0,0,0,1,0,0,0,0,,FALSE
envoys,1,0,0,0,0,0,0,0,0,1,0,0,0,0,,FALSE
compliments,1,0,0,0,0,0,0,0,0,1,0,0,0,0,,FALSE
mouths,1,0,0,0,0,0,0,0,0,1,0,0,0,0,,FALSE
wishes,1,0,0,0,0,0,0,0,0,1,0,0,0,0,,FALSE
truce,1,0,0,0,0,0,0,0,0,1,0,0,0,0,,FALSE
angrily,1,0,0,0,0,0,0,0,0,1,0,0,0,0,,FALSE
demands,1,0,0,0,0,0,0,0,0,1,0,0,0,0,,FALSE
vigilance,1,0,0,0,0,0,0,0,0,1,0,0,0,0,,FALSE
circumspection,1,0,0,0,0,0,0,0,0,1,0,0,0,0,,FALSE
amply,1,0,0,0,0,0,0,0,0,1,0,0,0,0,,FALSE
sufficient,1,0,0,0,0,0,0,0,0,1,0,0,0,0,,FALSE
exercises,1,0,0,0,0,0,0,0,0,1,0,0,0,0,,FALSE
forethought,1,0,0,0,0,0,0,0,0,1,0,0,0,0,,FALSE
punished,1,0,0,0,0,0,0,0,0,1,0,0,0,0,,FALSE
grown,1,0,0,0,0,0,0,0,0,1,0,0,0,0,,FALSE
prove,1,0,0,0,0,0,0,0,0,1,0,0,0,0,,FALSE
practically,1,0,0,0,0,0,0,0,0,1,0,0,0,0,,FALSE
humanity,1,0,0,0,0,0,0,0,0,1,0,0,0,0,,FALSE
iron,1,0,0,0,0,0,0,0,0,1,0,0,0,0,,FALSE
training,1,0,0,0,0,0,0,0,0,1,0,0,0,0,,FALSE
habitually,1,0,0,0,0,0,0,0,0,1,0,0,0,0,,FALSE
well-disciplined,1,0,0,0,0,0,0,0,0,1,0,0,0,0,,FALSE
insists,1,0,0,0,0,0,0,0,0,1,0,0,0,0,,FALSE
mutual,1,0,0,0,0,0,0,0,0,1,0,0,0,0,,FALSE
x,1,0,0,0,0,0,0,0,0,0,1,0,0,0,,FALSE
distinguish,1,0,0,0,0,0,0,0,0,0,1,0,0,0,,FALSE
wit,1,0,0,0,0,0,0,0,0,0,1,0,0,0,,FALSE
freely,1,0,0,0,0,0,0,0,0,0,1,0,0,0,,FALSE
traversed,1,0,0,0,0,0,0,0,0,0,1,0,0,0,,FALSE
guard,1,0,0,0,0,0,0,0,0,0,1,0,0,0,,FALSE
line,1,0,0,0,0,0,0,0,0,0,1,0,0,0,,FALSE
abandoned,1,0,0,0,0,0,0,0,0,0,1,0,0,0,,FALSE
re-occupy,1,0,0,0,0,0,0,0,0,0,1,0,0,0,,FALSE
sally,1,0,0,0,0,0,0,0,0,0,1,0,0,0,,FALSE
disaster,1,0,0,0,0,0,0,0,0,0,1,0,0,0,,FALSE
attractive,1,0,0,0,0,0,0,0,0,0,1,0,0,0,,FALSE
advisable,1,0,0,0,0,0,0,0,0,0,1,0,0,0,,FALSE
stir,1,0,0,0,0,0,0,0,0,0,1,0,0,0,,FALSE
strongly,1,0,0,0,0,0,0,0,0,0,1,0,0,0,,FALSE
advent,1,0,0,0,0,0,0,0,0,0,1,0,0,0,,FALSE
weakly,1,0,0,0,0,0,0,0,0,0,1,0,0,0,,FALSE
occupied,1,0,0,0,0,0,0,0,0,0,1,0,0,0,,FALSE
situated,1,0,0,0,0,0,0,0,0,0,1,0,0,0,,FALSE
exposed,1,0,0,0,0,0,0,0,0,0,1,0,0,0,,FALSE
calamities,1,0,0,0,0,0,0,0,0,0,1,0,0,0,,FALSE
arising,1,0,0,0,0,0,0,0,0,0,1,0,0,0,,FALSE
hurled,1,0,0,0,0,0,0,0,0,0,1,0,0,0,,FALSE
another,1,0,0,0,0,0,0,0,0,0,1,0,0,0,,FALSE
size,1,0,0,0,0,0,0,0,0,0,1,0,0,0,,FALSE
former,1,0,0,0,0,0,0,0,0,0,1,0,0,0,,FALSE
insubordinate,1,0,0,0,0,0,0,0,0,0,1,0,0,0,,FALSE
meeting,1,0,0,0,0,0,0,0,0,0,1,0,0,0,,FALSE
feeling,1,0,0,0,0,0,0,0,0,0,1,0,0,0,,FALSE
resentment,1,0,0,0,0,0,0,0,0,0,1,0,0,0,,FALSE
clear,1,0,0,0,0,0,0,0,0,0,1,0,0,0,,FALSE
distinct,1,0,0,0,0,0,0,0,0,0,1,0,0,0,,FALSE
fixes,1,0,0,0,0,0,0,0,0,0,1,0,0,0,,FALSE
duties,1,0,0,0,0,0,0,0,0,0,1,0,0,0,,FALSE
assigned,1,0,0,0,0,0,0,0,0,0,1,0,0,0,,FALSE
formed,1,0,0,0,0,0,0,0,0,0,1,0,0,0,,FALSE
slovenly,1,0,0,0,0,0,0,0,0,0,1,0,0,0,,FALSE
haphazard,1,0,0,0,0,0,0,0,0,0,1,0,0,0,,FALSE
manner,1,0,0,0,0,0,0,0,0,0,1,0,0,0,,FALSE
utter,1,0,0,0,0,0,0,0,0,0,1,0,0,0,,FALSE
allows,1,0,0,0,0,0,0,0,0,0,1,0,0,0,,FALSE
hurls,1,0,0,0,0,0,0,0,0,0,1,0,0,0,,FALSE
neglects,1,0,0,0,0,0,0,0,0,0,1,0,0,0,,FALSE
courting,1,0,0,0,0,0,0,0,0,0,1,0,0,0,,FALSE
noted,1,0,0,0,0,0,0,0,0,0,1,0,0,0,,FALSE
formation,1,0,0,0,0,0,0,0,0,0,1,0,0,0,,FALSE
estimating,1,0,0,0,0,0,0,0,0,0,1,0,0,0,,FALSE
controlling,1,0,0,0,0,0,0,0,0,0,1,0,0,0,,FALSE
shrewdly,1,0,0,0,0,0,0,0,0,0,1,0,0,0,,FALSE
calculating,1,0,0,0,0,0,0,0,0,0,1,0,0,0,,FALSE
dangers,1,0,0,0,0,0,0,0,0,0,1,0,0,0,,FALSE
constitutes,1,0,0,0,0,0,0,0,0,0,1,0,0,0,,FALSE
test,1,0,0,0,0,0,0,0,0,0,1,0,0,0,,FALSE
practices,1,0,0,0,0,0,0,0,0,0,1,0,0,0,,FALSE
forbid,1,0,0,0,0,0,0,0,0,0,1,0,0,0,,FALSE
bidding,1,0,0,0,0,0,0,0,0,0,1,0,0,0,,FALSE
advances,1,0,0,0,0,0,0,0,0,0,1,0,0,0,,FALSE
coveting,1,0,0,0,0,0,0,0,0,0,1,0,0,0,,FALSE
fame,1,0,0,0,0,0,0,0,0,0,1,0,0,0,,FALSE
retreats,1,0,0,0,0,0,0,0,0,0,1,0,0,0,,FALSE
fearing,1,0,0,0,0,0,0,0,0,0,1,0,0,0,,FALSE
disgrace,1,0,0,0,0,0,0,0,0,0,1,0,0,0,,FALSE
thought,1,0,0,0,0,0,0,0,0,0,1,0,0,0,,FALSE
jewel,1,0,0,0,0,0,0,0,0,0,1,0,0,0,,FALSE
deepest,1,0,0,0,0,0,0,0,0,0,1,0,0,0,,FALSE
look,1,0,0,0,0,0,0,0,0,0,1,0,0,0,,FALSE
beloved,1,0,0,0,0,0,0,0,0,0,1,0,0,0,,FALSE
sons,1,0,0,0,0,0,0,0,0,0,1,0,0,0,,FALSE
indulgent,1,0,0,0,0,0,0,0,0,0,1,0,0,0,,FALSE
felt,1,0,0,0,0,0,0,0,0,0,1,0,0,0,,FALSE
kind-hearted,1,0,0,0,0,0,0,0,0,0,1,0,0,0,,FALSE
enforce,1,0,0,0,0,0,0,0,0,0,1,0,0,0,,FALSE
incapable,1,0,0,0,0,0,0,0,0,0,1,0,0,0,,FALSE
moreover,1,0,0,0,0,0,0,0,0,0,1,0,0,0,,FALSE
quelling,1,0,0,0,0,0,0,0,0,0,1,0,0,0,,FALSE
spoilt,1,0,0,0,0,0,0,0,0,0,1,0,0,0,,FALSE
impracticable,1,0,0,0,0,0,0,0,0,0,1,0,0,0,,FALSE
experienced,1,0,0,0,0,0,0,0,0,0,1,0,0,0,,FALSE
motion,1,0,0,0,0,0,0,0,0,0,1,0,0,0,,FALSE
bewildered,1,0,0,0,0,0,0,0,0,0,1,0,0,0,,FALSE
doubt,1,0,0,0,0,0,0,0,0,0,1,0,0,0,,FALSE
xi,1,0,0,0,0,0,0,0,0,0,0,1,0,0,,FALSE
recognizes,1,0,0,0,0,0,0,0,0,0,0,1,0,0,,FALSE
chieftain,1,0,0,0,0,0,0,0,0,0,0,1,0,0,,FALSE
possession,1,0,0,0,0,0,0,0,0,0,0,1,0,0,,FALSE
imports,1,0,0,0,0,0,0,0,0,0,0,1,0,0,,FALSE
liberty,1,0,0,0,0,0,0,0,0,0,0,1,0,0,,FALSE
forms,1,0,0,0,0,0,0,0,0,0,0,1,0,0,,FALSE
key,1,0,0,0,0,0,0,0,0,0,0,1,0,0,,FALSE
contiguous,1,0,0,0,0,0,0,0,0,0,0,1,0,0,,FALSE
occupies,1,0,0,0,0,0,0,0,0,0,0,1,0,0,,FALSE
heart,1,0,0,0,0,0,0,0,0,0,0,1,0,0,,FALSE
leaving,1,0,0,0,0,0,0,0,0,0,0,1,0,0,,FALSE
fortified,1,0,0,0,0,0,0,0,0,0,0,1,0,0,,FALSE
rugged,1,0,0,0,0,0,0,0,0,0,0,1,0,0,,FALSE
steeps,1,0,0,0,0,0,0,0,0,0,0,1,0,0,,FALSE
fens,1,0,0,0,0,0,0,0,0,0,0,1,0,0,,FALSE
traverse,1,0,0,0,0,0,0,0,0,0,0,1,0,0,,FALSE
gorges,1,0,0,0,0,0,0,0,0,0,0,1,0,0,,FALSE
tortuous,1,0,0,0,0,0,0,0,0,0,0,1,0,0,,FALSE
paths,1,0,0,0,0,0,0,0,0,0,0,1,0,0,,FALSE
suffice,1,0,0,0,0,0,0,0,0,0,0,1,0,0,,FALSE
hemmed,1,0,0,0,0,0,0,0,0,0,0,1,0,0,,FALSE
saved,1,0,0,0,0,0,0,0,0,0,0,1,0,0,,FALSE
halt,1,0,0,0,0,0,0,0,0,0,0,1,0,0,,FALSE
steadily,1,0,0,0,0,0,0,0,0,0,0,1,0,0,,FALSE
knew,1,0,0,0,0,0,0,0,0,0,0,1,0,0,,FALSE
drive,1,0,0,0,0,0,0,0,0,0,0,1,0,0,,FALSE
wedge,1,0,0,0,0,0,0,0,0,0,0,1,0,0,,FALSE
co-operation,1,0,0,0,0,0,0,0,0,0,0,1,0,0,,FALSE
hinder,1,0,0,0,0,0,0,0,0,0,0,1,0,0,,FALSE
rescuing,1,0,0,0,0,0,0,0,0,0,0,1,0,0,,FALSE
rallying,1,0,0,0,0,0,0,0,0,0,0,1,0,0,,FALSE
otherwise,1,0,0,0,0,0,0,0,0,0,0,1,0,0,,FALSE
stopped,1,0,0,0,0,0,0,0,0,0,0,1,0,0,,FALSE
cope,1,0,0,0,0,0,0,0,0,0,0,1,0,0,,FALSE
orderly,1,0,0,0,0,0,0,0,0,0,0,1,0,0,,FALSE
amenable,1,0,0,0,0,0,0,0,0,0,0,1,0,0,,FALSE
essence,1,0,0,0,0,0,0,0,0,0,0,1,0,0,,FALSE
unreadiness,1,0,0,0,0,0,0,0,0,0,0,1,0,0,,FALSE
unexpected,1,0,0,0,0,0,0,0,0,0,0,1,0,0,,FALSE
unguarded,1,0,0,0,0,0,0,0,0,0,0,1,0,0,,FALSE
observed,1,0,0,0,0,0,0,0,0,0,0,1,0,0,,FALSE
further,1,0,0,0,0,0,0,0,0,0,0,1,0,0,,FALSE
solidarity,1,0,0,0,0,0,0,0,0,0,0,1,0,0,,FALSE
defenders,1,0,0,0,0,0,0,0,0,0,0,1,0,0,,FALSE
prevail,1,0,0,0,0,0,0,0,0,0,0,1,0,0,,FALSE
forays,1,0,0,0,0,0,0,0,0,0,0,1,0,0,,FALSE
fertile,1,0,0,0,0,0,0,0,0,0,0,1,0,0,,FALSE
well-being,1,0,0,0,0,0,0,0,0,0,0,1,0,0,,FALSE
overtax,1,0,0,0,0,0,0,0,0,0,0,1,0,0,,FALSE
hoard,1,0,0,0,0,0,0,0,0,0,0,1,0,0,,FALSE
continually,1,0,0,0,0,0,0,0,0,0,0,1,0,0,,FALSE
devise,1,0,0,0,0,0,0,0,0,0,0,1,0,0,,FALSE
unfathomable,1,0,0,0,0,0,0,0,0,0,0,1,0,0,,FALSE
whence,1,0,0,0,0,0,0,0,0,0,0,1,0,0,,FALSE
escape,1,0,0,0,0,0,0,0,0,0,0,1,0,0,,FALSE
alike,1,0,0,0,0,0,0,0,0,0,0,1,0,0,,FALSE
uttermost,1,0,0,0,0,0,0,0,0,0,0,1,0,0,,FALSE
sense,1,0,0,0,0,0,0,0,0,0,0,1,0,0,,FALSE
firm,1,0,0,0,0,0,0,0,0,0,0,1,0,0,,FALSE
stubborn,1,0,0,0,0,0,0,0,0,0,0,1,0,0,,FALSE
marshaled,1,0,0,0,0,0,0,0,0,0,0,1,0,0,,FALSE
qui,1,0,0,0,0,0,0,0,0,0,0,1,0,0,,FALSE
vive,1,0,0,0,0,0,0,0,0,0,0,1,0,0,,FALSE
restrictions,1,0,0,0,0,0,0,0,0,0,0,1,0,0,,FALSE
faithful,1,0,0,0,0,0,0,0,0,0,0,1,0,0,,FALSE
giving,1,0,0,0,0,0,0,0,0,0,0,1,0,0,,FALSE
trusted,1,0,0,0,0,0,0,0,0,0,0,1,0,0,,FALSE
prohibit,1,0,0,0,0,0,0,0,0,0,0,1,0,0,,FALSE
omens,1,0,0,0,0,0,0,0,0,0,0,1,0,0,,FALSE
superstitious,1,0,0,0,0,0,0,0,0,0,0,1,0,0,,FALSE
doubts,1,0,0,0,0,0,0,0,0,0,0,1,0,0,,FALSE
calamity,1,0,0,0,0,0,0,0,0,0,0,1,0,0,,FALSE
feared,1,0,0,0,0,0,0,0,0,0,0,1,0,0,,FALSE
overburdened,1,0,0,0,0,0,0,0,0,0,0,1,0,0,,FALSE
money,1,0,0,0,0,0,0,0,0,0,0,1,0,0,,FALSE
distaste,1,0,0,0,0,0,0,0,0,0,0,1,0,0,,FALSE
riches,1,0,0,0,0,0,0,0,0,0,0,1,0,0,,FALSE
unduly,1,0,0,0,0,0,0,0,0,0,0,1,0,0,,FALSE
disinclined,1,0,0,0,0,0,0,0,0,0,0,1,0,0,,FALSE
longevity,1,0,0,0,0,0,0,0,0,0,0,1,0,0,,FALSE
ordered,1,0,0,0,0,0,0,0,0,0,0,1,0,0,,FALSE
weep,1,0,0,0,0,0,0,0,0,0,0,1,0,0,,FALSE
sitting,1,0,0,0,0,0,0,0,0,0,0,1,0,0,,FALSE
bedewing,1,0,0,0,0,0,0,0,0,0,0,1,0,0,,FALSE
garments,1,0,0,0,0,0,0,0,0,0,0,1,0,0,,FALSE
lying,1,0,0,0,0,0,0,0,0,0,0,1,0,0,,FALSE
letting,1,0,0,0,0,0,0,0,0,0,0,1,0,0,,FALSE
tears,1,0,0,0,0,0,0,0,0,0,0,1,0,0,,FALSE
cheeks,1,0,0,0,0,0,0,0,0,0,0,1,0,0,,FALSE
bay,1,0,0,0,0,0,0,0,0,0,0,1,0,0,,FALSE
display,1,0,0,0,0,0,0,0,0,0,0,1,0,0,,FALSE
chu,1,0,0,0,0,0,0,0,0,0,0,1,0,0,,FALSE
kuei,1,0,0,0,0,0,0,0,0,0,0,1,0,0,,FALSE
tactician,1,0,0,0,0,0,0,0,0,0,0,1,0,0,,FALSE
snake,1,0,0,0,0,0,0,0,0,0,0,1,0,0,,FALSE
chung,1,0,0,0,0,0,0,0,0,0,0,1,0,0,,FALSE
middle,1,0,0,0,0,0,0,0,0,0,0,1,0,0,,FALSE
imitate,1,0,0,0,0,0,0,0,0,0,0,1,0,0,,FALSE
answer,1,0,0,0,0,0,0,0,0,0,0,1,0,0,,FALSE
yes,1,0,0,0,0,0,0,0,0,0,0,1,0,0,,FALSE
wu,1,0,0,0,0,0,0,0,0,0,0,1,0,0,,FALSE
enemies,1,0,0,0,0,0,0,0,0,0,0,1,0,0,,FALSE
boat,1,0,0,0,0,0,0,0,0,0,0,1,0,0,,FALSE
caught,1,0,0,0,0,0,0,0,0,0,0,1,0,0,,FALSE
assistance,1,0,0,0,0,0,0,0,0,0,0,1,0,0,,FALSE
helps,1,0,0,0,0,0,0,0,0,0,0,1,0,0,,FALSE
trust,1,0,0,0,0,0,0,0,0,0,0,1,0,0,,FALSE
tethering,1,0,0,0,0,0,0,0,0,0,0,1,0,0,,FALSE
burying,1,0,0,0,0,0,0,0,0,0,0,1,0,0,,FALSE
wheels,1,0,0,0,0,0,0,0,0,0,0,1,0,0,,FALSE
manage,1,0,0,0,0,0,0,0,0,0,0,1,0,0,,FALSE
standard,1,0,0,0,0,0,0,0,0,0,0,1,0,0,,FALSE
involving,1,0,0,0,0,0,0,0,0,0,0,1,0,0,,FALSE
conducts,1,0,0,0,0,0,0,0,0,0,0,1,0,0,,FALSE
willy-nilly,1,0,0,0,0,0,0,0,0,0,0,1,0,0,,FALSE
upright,1,0,0,0,0,0,0,0,0,0,0,1,0,0,,FALSE
mystify,1,0,0,0,0,0,0,0,0,0,0,1,0,0,,FALSE
altering,1,0,0,0,0,0,0,0,0,0,0,1,0,0,,FALSE
changing,1,0,0,0,0,0,0,0,0,0,0,1,0,0,,FALSE
definite,1,0,0,0,0,0,0,0,0,0,0,1,0,0,,FALSE
shifting,1,0,0,0,0,0,0,0,0,0,0,1,0,0,,FALSE
prevents,1,0,0,0,0,0,0,0,0,0,0,1,0,0,,FALSE
anticipating,1,0,0,0,0,0,0,0,0,0,0,1,0,0,,FALSE
climbed,1,0,0,0,0,0,0,0,0,0,0,1,0,0,,FALSE
kicks,1,0,0,0,0,0,0,0,0,0,0,1,0,0,,FALSE
ladder,1,0,0,0,0,0,0,0,0,0,0,1,0,0,,FALSE
burns,1,0,0,0,0,0,0,0,0,0,0,1,0,0,,FALSE
boats,1,0,0,0,0,0,0,0,0,0,0,1,0,0,,FALSE
shepherd,1,0,0,0,0,0,0,0,0,0,0,1,0,0,,FALSE
flock,1,0,0,0,0,0,0,0,0,0,0,1,0,0,,FALSE
sheep,1,0,0,0,0,0,0,0,0,0,0,1,0,0,,FALSE
drives,1,0,0,0,0,0,0,0,0,0,0,1,0,0,,FALSE
whither,1,0,0,0,0,0,0,0,0,0,0,1,0,0,,FALSE
going,1,0,0,0,0,0,0,0,0,0,0,1,0,0,,FALSE
muster,1,0,0,0,0,0,0,0,0,0,0,1,0,0,,FALSE
termed,1,0,0,0,0,0,0,0,0,0,0,1,0,0,,FALSE
measures,1,0,0,0,0,0,0,0,0,0,0,1,0,0,,FALSE
suited,1,0,0,0,0,0,0,0,0,0,0,1,0,0,,FALSE
expediency,1,0,0,0,0,0,0,0,0,0,0,1,0,0,,FALSE
aggressive,1,0,0,0,0,0,0,0,0,0,0,1,0,0,,FALSE
fundamental,1,0,0,0,0,0,0,0,0,0,0,1,0,0,,FALSE
laws,1,0,0,0,0,0,0,0,0,0,0,1,0,0,,FALSE
human,1,0,0,0,0,0,0,0,0,0,0,1,0,0,,FALSE
certainly,1,0,0,0,0,0,0,0,0,0,0,1,0,0,,FALSE
studied,1,0,0,0,0,0,0,0,0,0,0,1,0,0,,FALSE
brings,1,0,0,0,0,0,0,0,0,0,0,1,0,0,,FALSE
cohesion,1,0,0,0,0,0,0,0,0,0,0,1,0,0,,FALSE
dispersion,1,0,0,0,0,0,0,0,0,0,0,1,0,0,,FALSE
communication,1,0,0,0,0,0,0,0,0,0,0,1,0,0,,FALSE
little,1,0,0,0,0,0,0,0,0,0,0,1,0,0,,FALSE
strongholds,1,0,0,0,0,0,0,0,0,0,0,1,0,0,,FALSE
inspire,1,0,0,0,0,0,0,0,0,0,0,1,0,0,,FALSE
unity,1,0,0,0,0,0,0,0,0,0,0,1,0,0,,FALSE
connection,1,0,0,0,0,0,0,0,0,0,0,1,0,0,,FALSE
hurry,1,0,0,0,0,0,0,0,0,0,0,1,0,0,,FALSE
vigilant,1,0,0,0,0,0,0,0,0,0,0,1,0,0,,FALSE
eye,1,0,0,0,0,0,0,0,0,0,0,1,0,0,,FALSE
defenses,1,0,0,0,0,0,0,0,0,0,0,1,0,0,,FALSE
consolidate,1,0,0,0,0,0,0,0,0,0,0,1,0,0,,FALSE
continuous,1,0,0,0,0,0,0,0,0,0,0,1,0,0,,FALSE
stream,1,0,0,0,0,0,0,0,0,0,0,1,0,0,,FALSE
pushing,1,0,0,0,0,0,0,0,0,0,0,1,0,0,,FALSE
proclaim,1,0,0,0,0,0,0,0,0,0,0,1,0,0,,FALSE
hopelessness,1,0,0,0,0,0,0,0,0,0,0,1,0,0,,FALSE
saving,1,0,0,0,0,0,0,0,0,0,0,1,0,0,,FALSE
disposition,1,0,0,0,0,0,0,0,0,0,0,1,0,0,,FALSE
promptly,1,0,0,0,0,0,0,0,0,0,0,1,0,0,,FALSE
alliance,1,0,0,0,0,0,0,0,0,0,0,1,0,0,,FALSE
neighboring,1,0,0,0,0,0,0,0,0,0,0,1,0,0,,FALSE
ignored,1,0,0,0,0,0,0,0,0,0,0,1,0,0,,FALSE
befit,1,0,0,0,0,0,0,0,0,0,0,1,0,0,,FALSE
preventing,1,0,0,0,0,0,0,0,0,0,0,1,0,0,,FALSE
concentration,1,0,0,0,0,0,0,0,0,0,0,1,0,0,,FALSE
overawes,1,0,0,0,0,0,0,0,0,0,0,1,0,0,,FALSE
prevented,1,0,0,0,0,0,0,0,0,0,0,1,0,0,,FALSE
strive,1,0,0,0,0,0,0,0,0,0,0,1,0,0,,FALSE
sundry,1,0,0,0,0,0,0,0,0,0,0,1,0,0,,FALSE
foster,1,0,0,0,0,0,0,0,0,0,0,1,0,0,,FALSE
antagonists,1,0,0,0,0,0,0,0,0,0,0,1,0,0,,FALSE
awe,1,0,0,0,0,0,0,0,0,0,0,1,0,0,,FALSE
overthrow,1,0,0,0,0,0,0,0,0,0,0,1,0,0,,FALSE
kingdoms,1,0,0,0,0,0,0,0,0,0,0,1,0,0,,FALSE
bestow,1,0,0,0,0,0,0,0,0,0,0,1,0,0,,FALSE
issue,1,0,0,0,0,0,0,0,0,0,0,1,0,0,,FALSE
previous,1,0,0,0,0,0,0,0,0,0,0,1,0,0,,FALSE
confront,1,0,0,0,0,0,0,0,0,0,0,1,0,0,,FALSE
deed,1,0,0,0,0,0,0,0,0,0,0,1,0,0,,FALSE
design,1,0,0,0,0,0,0,0,0,0,0,1,0,0,,FALSE
outlook,1,0,0,0,0,0,0,0,0,0,0,1,0,0,,FALSE
bright,1,0,0,0,0,0,0,0,0,0,0,1,0,0,,FALSE
gloomy,1,0,0,0,0,0,0,0,0,0,0,1,0,0,,FALSE
deadly,1,0,0,0,0,0,0,0,0,0,0,1,0,0,,FALSE
survive,1,0,0,0,0,0,0,0,0,0,0,1,0,0,,FALSE
plunge,1,0,0,0,0,0,0,0,0,0,0,1,0,0,,FALSE
precisely,1,0,0,0,0,0,0,0,0,0,0,1,0,0,,FALSE
harm,1,0,0,0,0,0,0,0,0,0,0,1,0,0,,FALSE
capable,1,0,0,0,0,0,0,0,0,0,0,1,0,0,,FALSE
striking,1,0,0,0,0,0,0,0,0,0,0,1,0,0,,FALSE
blow,1,0,0,0,0,0,0,0,0,0,0,1,0,0,,FALSE
accommodating,1,0,0,0,0,0,0,0,0,0,0,1,0,0,,FALSE
persistently,1,0,0,0,0,0,0,0,0,0,0,1,0,0,,FALSE
hanging,1,0,0,0,0,0,0,0,0,0,0,1,0,0,,FALSE
flank,1,0,0,0,0,0,0,0,0,0,0,1,0,0,,FALSE
killing,1,0,0,0,0,0,0,0,0,0,0,1,0,0,,FALSE
accomplish,1,0,0,0,0,0,0,0,0,0,0,1,0,0,,FALSE
sheer,1,0,0,0,0,0,0,0,0,0,0,1,0,0,,FALSE
cunning,1,0,0,0,0,0,0,0,0,0,0,1,0,0,,FALSE
frontier,1,0,0,0,0,0,0,0,0,0,0,1,0,0,,FALSE
official,1,0,0,0,0,0,0,0,0,0,0,1,0,0,,FALSE
tallies,1,0,0,0,0,0,0,0,0,0,0,1,0,0,,FALSE
stop,1,0,0,0,0,0,0,0,0,0,0,1,0,0,,FALSE
passage,1,0,0,0,0,0,0,0,0,0,0,1,0,0,,FALSE
emissaries,1,0,0,0,0,0,0,0,0,0,0,1,0,0,,FALSE
stern,1,0,0,0,0,0,0,0,0,0,0,1,0,0,,FALSE
council-chamber,1,0,0,0,0,0,0,0,0,0,0,1,0,0,,FALSE
leaves,1,0,0,0,0,0,0,0,0,0,0,1,0,0,,FALSE
door,1,0,0,0,0,0,0,0,0,0,0,1,0,0,,FALSE
subtly,1,0,0,0,0,0,0,0,0,0,0,1,0,0,,FALSE
arrival,1,0,0,0,0,0,0,0,0,0,0,1,0,0,,FALSE
walk,1,0,0,0,0,0,0,0,0,0,0,1,0,0,,FALSE
path,1,0,0,0,0,0,0,0,0,0,0,1,0,0,,FALSE
defined,1,0,0,0,0,0,0,0,0,0,0,1,0,0,,FALSE
accommodate,1,0,0,0,0,0,0,0,0,0,0,1,0,0,,FALSE
decisive,1,0,0,0,0,0,0,0,0,0,0,1,0,0,,FALSE
exhibit,1,0,0,0,0,0,0,0,0,0,0,1,0,0,,FALSE
coyness,1,0,0,0,0,0,0,0,0,0,0,1,0,0,,FALSE
maiden,1,0,0,0,0,0,0,0,0,0,0,1,0,0,,FALSE
gives,1,0,0,0,0,0,0,0,0,0,0,1,0,0,,FALSE
opening,1,0,0,0,0,0,0,0,0,0,0,1,0,0,,FALSE
emulate,1,0,0,0,0,0,0,0,0,0,0,1,0,0,,FALSE
hare,1,0,0,0,0,0,0,0,0,0,0,1,0,0,,FALSE
xii,1,0,0,0,0,0,0,0,0,0,0,0,1,0,,FALSE
third,1,0,0,0,0,0,0,0,0,0,0,0,1,0,,FALSE
trains,1,0,0,0,0,0,0,0,0,0,0,0,1,0,,FALSE
fourth,1,0,0,0,0,0,0,0,0,0,0,0,1,0,,FALSE
arsenals,1,0,0,0,0,0,0,0,0,0,0,0,1,0,,FALSE
magazines,1,0,0,0,0,0,0,0,0,0,0,0,1,0,,FALSE
fifth,1,0,0,0,0,0,0,0,0,0,0,0,1,0,,FALSE
hurl,1,0,0,0,0,0,0,0,0,0,0,0,1,0,,FALSE
dropping,1,0,0,0,0,0,0,0,0,0,0,0,1,0,,FALSE
conflagration,1,0,0,0,0,0,0,0,0,0,0,0,1,0,,FALSE
weather,1,0,0,0,0,0,0,0,0,0,0,0,1,0,,FALSE
very,1,0,0,0,0,0,0,0,0,0,0,0,1,0,,FALSE
constellations,1,0,0,0,0,0,0,0,0,0,0,0,1,0,,FALSE
sieve,1,0,0,0,0,0,0,0,0,0,0,0,1,0,,FALSE
wall,1,0,0,0,0,0,0,0,0,0,0,0,1,0,,FALSE
cross-bar,1,0,0,0,0,0,0,0,0,0,0,0,1,0,,FALSE
inside,1,0,0,0,0,0,0,0,0,0,0,0,1,0,,FALSE
respond,1,0,0,0,0,0,0,0,0,0,0,0,1,0,,FALSE
outbreak,1,0,0,0,0,0,0,0,0,0,0,0,1,0,,FALSE
bide,1,0,0,0,0,0,0,0,0,0,0,0,1,0,,FALSE
flames,1,0,0,0,0,0,0,0,0,0,0,0,1,0,,FALSE
practicable,1,0,0,0,0,0,0,0,0,0,0,0,1,0,,FALSE
break,1,0,0,0,0,0,0,0,0,0,0,0,1,0,,FALSE
start,1,0,0,0,0,0,0,0,0,0,0,0,1,0,,FALSE
windward,1,0,0,0,0,0,0,0,0,0,0,0,1,0,,FALSE
leeward,1,0,0,0,0,0,0,0,0,0,0,0,1,0,,FALSE
rises,1,0,0,0,0,0,0,0,0,0,0,0,1,0,,FALSE
daytime,1,0,0,0,0,0,0,0,0,0,0,0,1,0,,FALSE
lasts,1,0,0,0,0,0,0,0,0,0,0,0,1,0,,FALSE
breeze,1,0,0,0,0,0,0,0,0,0,0,0,1,0,,FALSE
soon,1,0,0,0,0,0,0,0,0,0,0,0,1,0,,FALSE
falls,1,0,0,0,0,0,0,0,0,0,0,0,1,0,,FALSE
stars,1,0,0,0,0,0,0,0,0,0,0,0,1,0,,FALSE
calculated,1,0,0,0,0,0,0,0,0,0,0,0,1,0,,FALSE
accession,1,0,0,0,0,0,0,0,0,0,0,0,1,0,,FALSE
intercepted,1,0,0,0,0,0,0,0,0,0,0,0,1,0,,FALSE
belongings,1,0,0,0,0,0,0,0,0,0,0,0,1,0,,FALSE
unhappy,1,0,0,0,0,0,0,0,0,0,0,0,1,0,,FALSE
cultivating,1,0,0,0,0,0,0,0,0,0,0,0,1,0,,FALSE
enterprise,1,0,0,0,0,0,0,0,0,0,0,0,1,0,,FALSE
waste,1,0,0,0,0,0,0,0,0,0,0,0,1,0,,FALSE
stagnation,1,0,0,0,0,0,0,0,0,0,0,0,1,0,,FALSE
lays,1,0,0,0,0,0,0,0,0,0,0,0,1,0,,FALSE
ahead,1,0,0,0,0,0,0,0,0,0,0,0,1,0,,FALSE
gratify,1,0,0,0,0,0,0,0,0,0,0,0,1,0,,FALSE
spleen,1,0,0,0,0,0,0,0,0,0,0,0,1,0,,FALSE
pique,1,0,0,0,0,0,0,0,0,0,0,0,1,0,,FALSE
change,1,0,0,0,0,0,0,0,0,0,0,0,1,0,,FALSE
gladness,1,0,0,0,0,0,0,0,0,0,0,0,1,0,,FALSE
vexation,1,0,0,0,0,0,0,0,0,0,0,0,1,0,,FALSE
succeeded,1,0,0,0,0,0,0,0,0,0,0,0,1,0,,FALSE
content,1,0,0,0,0,0,0,0,0,0,0,0,1,0,,FALSE
destroyed,1,0,0,0,0,0,0,0,0,0,0,0,1,0,,FALSE
dead,1,0,0,0,0,0,0,0,0,0,0,0,1,0,,FALSE
heedful,1,0,0,0,0,0,0,0,0,0,0,0,1,0,,FALSE
full,1,0,0,0,0,0,0,0,0,0,0,0,1,0,,FALSE
caution,1,0,0,0,0,0,0,0,0,0,0,0,1,0,,FALSE
xiii,1,0,0,0,0,0,0,0,0,0,0,0,0,1,,FALSE
entails,1,0,0,0,0,0,0,0,0,0,0,0,0,1,,FALSE
drain,1,0,0,0,0,0,0,0,0,0,0,0,0,1,,FALSE
daily,1,0,0,0,0,0,0,0,0,0,0,0,0,1,,FALSE
commotion,1,0,0,0,0,0,0,0,0,0,0,0,0,1,,FALSE
abroad,1,0,0,0,0,0,0,0,0,0,0,0,0,1,,FALSE
drop,1,0,0,0,0,0,0,0,0,0,0,0,0,1,,FALSE
families,1,0,0,0,0,0,0,0,0,0,0,0,0,1,,FALSE
impeded,1,0,0,0,0,0,0,0,0,0,0,0,0,1,,FALSE
labor,1,0,0,0,0,0,0,0,0,0,0,0,0,1,,FALSE
years,1,0,0,0,0,0,0,0,0,0,0,0,0,1,,FALSE
striving,1,0,0,0,0,0,0,0,0,0,0,0,0,1,,FALSE
grudges,1,0,0,0,0,0,0,0,0,0,0,0,0,1,,FALSE
outlay,1,0,0,0,0,0,0,0,0,0,0,0,0,1,,FALSE
honors,1,0,0,0,0,0,0,0,0,0,0,0,0,1,,FALSE
emoluments,1,0,0,0,0,0,0,0,0,0,0,0,0,1,,FALSE
inhumanity,1,0,0,0,0,0,0,0,0,0,0,0,0,1,,FALSE
present,1,0,0,0,0,0,0,0,0,0,0,0,0,1,,FALSE
master,1,0,0,0,0,0,0,0,0,0,0,0,0,1,,FALSE
elicited,1,0,0,0,0,0,0,0,0,0,0,0,0,1,,FALSE
spirits,1,0,0,0,0,0,0,0,0,0,0,0,0,1,,FALSE
inductively,1,0,0,0,0,0,0,0,0,0,0,0,0,1,,FALSE
experience,1,0,0,0,0,0,0,0,0,0,0,0,0,1,,FALSE
deductive,1,0,0,0,0,0,0,0,0,0,0,0,0,1,,FALSE
classes,1,0,0,0,0,0,0,0,0,0,0,0,0,1,,FALSE
work,1,0,0,0,0,0,0,0,0,0,0,0,0,1,,FALSE
system,1,0,0,0,0,0,0,0,0,0,0,0,0,1,,FALSE
manipulation,1,0,0,0,0,0,0,0,0,0,0,0,0,1,,FALSE
threads,1,0,0,0,0,0,0,0,0,0,0,0,0,1,,FALSE
precious,1,0,0,0,0,0,0,0,0,0,0,0,0,1,,FALSE
faculty,1,0,0,0,0,0,0,0,0,0,0,0,0,1,,FALSE
services,1,0,0,0,0,0,0,0,0,0,0,0,0,1,,FALSE
inhabitants,1,0,0,0,0,0,0,0,0,0,0,0,0,1,,FALSE
district,1,0,0,0,0,0,0,0,0,0,0,0,0,1,,FALSE
officials,1,0,0,0,0,0,0,0,0,0,0,0,0,1,,FALSE
getting,1,0,0,0,0,0,0,0,0,0,0,0,0,1,,FALSE
openly,1,0,0,0,0,0,0,0,0,0,0,0,0,1,,FALSE
allowing,1,0,0,0,0,0,0,0,0,0,0,0,0,1,,FALSE
report,1,0,0,0,0,0,0,0,0,0,0,0,0,1,,FALSE
finally,1,0,0,0,0,0,0,0,0,0,0,0,0,1,,FALSE
intimate,1,0,0,0,0,0,0,0,0,0,0,0,0,1,,FALSE
relations,1,0,0,0,0,0,0,0,0,0,0,0,0,1,,FALSE
liberally,1,0,0,0,0,0,0,0,0,0,0,0,0,1,,FALSE
preserved,1,0,0,0,0,0,0,0,0,0,0,0,0,1,,FALSE
usefully,1,0,0,0,0,0,0,0,0,0,0,0,0,1,,FALSE
employed,1,0,0,0,0,0,0,0,0,0,0,0,0,1,,FALSE
intuitive,1,0,0,0,0,0,0,0,0,0,0,0,0,1,,FALSE
sagacity,1,0,0,0,0,0,0,0,0,0,0,0,0,1,,FALSE
properly,1,0,0,0,0,0,0,0,0,0,0,0,0,1,,FALSE
straightforwardness,1,0,0,0,0,0,0,0,0,0,0,0,0,1,,FALSE
ingenuity,1,0,0,0,0,0,0,0,0,0,0,0,0,1,,FALSE
truth,1,0,0,0,0,0,0,0,0,0,0,0,0,1,,FALSE
piece,1,0,0,0,0,0,0,0,0,0,0,0,0,1,,FALSE
ripe,1,0,0,0,0,0,0,0,0,0,0,0,0,1,,FALSE
told,1,0,0,0,0,0,0,0,0,0,0,0,0,1,,FALSE
city,1,0,0,0,0,0,0,0,0,0,0,0,0,1,,FALSE
assassinate,1,0,0,0,0,0,0,0,0,0,0,0,0,1,,FALSE
individual,1,0,0,0,0,0,0,0,0,0,0,0,0,1,,FALSE
necessary,1,0,0,0,0,0,0,0,0,0,0,0,0,1,,FALSE
finding,1,0,0,0,0,0,0,0,0,0,0,0,0,1,,FALSE
names,1,0,0,0,0,0,0,0,0,0,0,0,0,1,,FALSE
attendants,1,0,0,0,0,0,0,0,0,0,0,0,0,1,,FALSE
aides-de-camp,1,0,0,0,0,0,0,0,0,0,0,0,0,1,,FALSE
door-keepers,1,0,0,0,0,0,0,0,0,0,0,0,0,1,,FALSE
sentries,1,0,0,0,0,0,0,0,0,0,0,0,0,1,,FALSE
commissioned,1,0,0,0,0,0,0,0,0,0,0,0,0,1,,FALSE
ascertain,1,0,0,0,0,0,0,0,0,0,0,0,0,1,,FALSE
sought,1,0,0,0,0,0,0,0,0,0,0,0,0,1,,FALSE
tempted,1,0,0,0,0,0,0,0,0,0,0,0,0,1,,FALSE
bribes,1,0,0,0,0,0,0,0,0,0,0,0,0,1,,FALSE
led,1,0,0,0,0,0,0,0,0,0,0,0,0,1,,FALSE
comfortably,1,0,0,0,0,0,0,0,0,0,0,0,0,1,,FALSE
housed,1,0,0,0,0,0,0,0,0,0,0,0,0,1,,FALSE
acquire,1,0,0,0,0,0,0,0,0,0,0,0,0,1,,FALSE
employ,1,0,0,0,0,0,0,0,0,0,0,0,0,1,,FALSE
owing,1,0,0,0,0,0,0,0,0,0,0,0,0,1,,FALSE
tidings,1,0,0,0,0,0,0,0,0,0,0,0,0,1,,FALSE
lastly,1,0,0,0,0,0,0,0,0,0,0,0,0,1,,FALSE
appointed,1,0,0,0,0,0,0,0,0,0,0,0,0,1,,FALSE
occasions,1,0,0,0,0,0,0,0,0,0,0,0,0,1,,FALSE
aim,1,0,0,0,0,0,0,0,0,0,0,0,0,1,,FALSE
utmost,1,0,0,0,0,0,0,0,0,0,0,0,0,1,,FALSE
liberality,1,0,0,0,0,0,0,0,0,0,0,0,0,1,,FALSE
chih,1,0,0,0,0,0,0,0,0,0,0,0,0,1,,FALSE
hsia,1,0,0,0,0,0,0,0,0,0,0,0,0,1,,FALSE
chou,1,0,0,0,0,0,0,0,0,0,0,0,0,1,,FALSE
lu,1,0,0,0,0,0,0,0,0,0,0,0,0,1,,FALSE
ya,1,0,0,0,0,0,0,0,0,0,0,0,0,1,,FALSE
results,1,0,0,0,0,0,0,0,0,0,0,0,0,1,,FALSE
important,1,0,0,0,0,0,0,0,0,0,0,0,0,1,,FALSE
element,1,0,0,0,0,0,0,0,0,0,0,0,0,1,,FALSE
